"","AutoApprovalTime","AssignmentId","trainBlock_T9","trainBlock_T8","condition_T12","condition_T11","trainBlock_T1","trainBlock_T3","trainBlock_T2","trainBlock_T5","trainBlock_T4","trainBlock_T7","trainBlock_T6","selected_T9","selected_T8","selected_T1","selected_T11","selected_T3","selected_T2","selected_T5","selected_T4","selected_T7","selected_T6","category_T10","education","trainBlock_T10","selected_T12","asses","comments","trainPics_T4","trainPics_T5","trainPics_T6","trainPics_T7","trainPics_T1","trainPics_T2","trainPics_T3","condition_T10","category_T12","trainPics_T8","trainPics_T9","selected_T10","category_T11","word_T8","word_T9","trainBlock_T12","word_T4","word_T5","word_T6","word_T7","word_T1","word_T2","word_T3","category_T8","category_T9","trainPics_T12","trainPics_T10","trainPics_T11","category_T1","category_T2","category_T3","category_T4","category_T5","category_T6","category_T7","enjoyment","word_T12","language","word_T10","word_T11","gender","age","trainBlock_T11","condition_T2","condition_T3","condition_T1","condition_T6","condition_T7","condition_T4","condition_T5","condition_T8","condition_T9","AcceptTime","HITId","Assignment","AssignmentStatus","SubmitTime","ApprovalTime","subids"
"1","2017-01-25T19:55:23Z","30H4UDGLT2IGXFLEZR90DPGAD3PMPW","3","3","3sup","3sup","1","1","1","2","2","3","2","c3_sub1,c3_sub2,c3_bas2,c3_bas1","c1_sub2,c1_bas1,c1_bas2,c1_sub1","c1_sub1,c1_sub2","c2_sup3,c2_sub2,c2_bas1,c2_sup1,c2_sub1,c2_bas2,c2_sup4,c2_sup2","c2_sub2,c2_sub1","c3_sub2,c3_sub1","c3_sub2,c3_sub1","c2_sub2,c2_sub1","c2_bas2,c2_sub2,c2_sub1,c2_bas1","c1_sub2,c1_sub1","animals","4","4","c1_sub1,c1_sup2,c1_sup4,c1_bas1,c1_bas2,c1_sub2,c1_sup3,c1_sup1","NA","Interesting experiment and not something I have tried before. Thank you.","c2_sub3","c3_sub3","c1_sub3","c2_bas3-c2_sub3-c2_bas4","c1_sub3-c1_sub5-c1_sub4","c3_sub3-c3_sub5-c3_sub4","c2_sub5-c2_sub3-c2_sub4","3sup","vegetables","c1_bas3-c1_sub3-c1_bas4","c3_bas3-c3_sub3-c3_bas4","c3_sup1,c3_sup3,c3_bas2,c3_sup4,c3_bas1,c3_sub2,c3_sub1","vehicles","tob","zom","4","fep","mep","wug","tev","wug","mep","fep","vegetables","animals","c1_sup6-c1_sub3-c1_sup5","c3_sub3-c3_sup5-c3_sup6","c2_sub3-c2_sup5-c2_sup6","vegetables","animals","vehicles","vehicles","animals","vegetables","vehicles","2","rab","english","rif","sib","","","4","3sub","3sub","3sub","one","3bas","one","one","3bas","3bas","2017-01-25T19:42:15Z","30P8I9JKOILS78ZA32WBDVZJY8UV5N","","Submitted","2017-01-25T19:45:23Z",NA,"1"
"2","2017-01-25T19:56:09Z","30H4UDGLT2IGXFLEZR90DPGAD3PPMZ","3","3","one","one","1","1","1","2","2","3","2","c3_bas1,c3_sub2,c3_bas2","c2_sub2,c2_sub1,c2_bas2,c2_bas1","c2_sub1,c2_sub2","c1_sub1,c1_sub2","c3_sub2,c3_sub1","c1_sub1,c1_sub2,c1_bas1","c2_sub1,c2_sub2","c1_bas1,c1_bas2,c1_sup1,c1_sub2,c1_sub1,c1_sup4,c1_sup3,c1_sup2","c1_bas2,c1_sub1,c1_bas1,c1_sub2","c3_sub2,c3_bas2,c3_sub1,c3_bas1,c3_sup3,c3_sup4,c3_sup2,c3_sup1","vehicles","2","4","c3_sub1,c3_sub2","Yes","","c1_sup5-c1_sub3-c1_sup6","c2_sup5-c2_sub3-c2_sup6","c3_sup5-c3_sub3-c3_sup6","c1_bas3-c1_sub3-c1_bas4","c2_sub5-c2_sub3-c2_sub4","c1_sub4-c1_sub3-c1_sub5","c3_sub5-c3_sub4-c3_sub3","one","animals","c2_sub3-c2_bas3-c2_bas4","c3_bas4-c3_bas3-c3_sub3","c2_sub2,c2_sub1","vegetables","tev","zom","4","sib","mep","tob","wug","rif","fep","rab","vehicles","animals","c3_sub3","c2_sub3","c1_sub3","vehicles","vegetables","animals","vegetables","vehicles","animals","vegetables","1","rab","ENGLISH","rif","fep","Female","54","4","3sub","3sub","3sub","3sup","3bas","3sup","3sup","3bas","3bas","2017-01-25T19:42:18Z","30P8I9JKOILS78ZA32WBDVZJY8UV5N","","Submitted","2017-01-25T19:46:09Z",NA,"2"
"3","2017-01-25T21:06:44Z","31JLPPHS2UUXQT13E9R6SQ2E37D3OH","3","3","3bas","3bas","1","1","1","2","2","3","2","c3_sub2,c3_sub1,c3_bas2,c3_bas1","c2_sub2,c2_sub1,c2_bas2,c2_bas1","c2_sub1,c2_sub2,c2_bas2,c2_bas1","c3_sub1,c3_sub2,c3_bas1,c3_bas2","c3_sub2,c3_sub1","c1_bas1,c1_bas2,c1_sub2,c1_sub1","c3_sub2,c3_sub1","c2_sub2,c2_sub1","c1_bas1,c1_bas2,c1_sub2,c1_sub1","c1_bas1,c1_sub1,c1_bas2,c1_sub2","vegetables","2","4","c2_bas1,c2_bas2,c2_sub2,c2_sub1","Confused","Yes, specifics would be nice.  Meaning, if you want just dalmations, say that.  It was very confusing.","c2_sub3-c2_sup6-c2_sup5","c3_sup5-c3_sub3-c3_sup6","c1_sub3-c1_sup5-c1_sup6","c1_sub3","c2_sub4-c2_sub5-c2_sub3","c1_sub3-c1_sub5-c1_sub4","c3_sub5-c3_sub4-c3_sub3","3bas","vehicles","c2_sub3","c3_sub3","c1_bas2,c1_bas1,c1_sub2,c1_sub1","animals","rab","tev","4","rif","wug","sib","fep","rab","fep","tev","vehicles","animals","c2_sub3-c2_bas4-c2_bas3","c1_sub3-c1_bas3-c1_bas4","c3_sub3-c3_bas3-c3_bas4","vehicles","vegetables","animals","vehicles","animals","vegetables","vegetables","1","tob","english","mep","zom","Female","46","4","3sub","3sub","3sub","3sup","one","3sup","3sup","one","one","2017-01-25T20:42:51Z","30P8I9JKOILS78ZA32WBDVZJY8UV5N","","Submitted","2017-01-25T20:56:44Z",NA,"3"
"4","2017-01-25T21:37:29Z","32Q90QCQ1SLHA0WL51G940P2ARSKE4","3","3","3bas","3bas","1","1","1","2","2","3","2","c3_sub2,c3_sub1","c1_sub1,c1_sub2,c1_bas2,c1_bas1","c3_sub2,c3_sub1","c3_bas1,c3_bas2,c3_sub2","c2_sub1,c2_sub2","c1_sub1,c1_bas2,c1_bas1,c1_sub2","c2_sub1","c1_sub2,c1_sub1,c1_bas1,c1_bas2","c2_sub1,c2_sub2","c3_sub2,c3_sub1","vehicles","2","4","c1_bas2,c1_bas1,c1_sub1,c1_sub2","NA","","c1_sup6-c1_sup5-c1_sub3","c2_sup5-c2_sup6-c2_sub3","c3_sup6-c3_sub3-c3_sup5","c2_sub3","c3_sub3-c3_sub4-c3_sub5","c1_sub4-c1_sub3-c1_sub5","c2_sub4-c2_sub3-c2_sub5","3bas","vegetables","c1_sub3","c3_sub3","c2_sub2,c2_bas1,c2_bas2","animals","rif","mep","4","tev","rab","fep","tob","mep","rif","tob","vegetables","animals","c1_bas4-c1_sub3-c1_bas3","c2_sub3-c2_bas3-c2_bas4","c3_bas4-c3_bas3-c3_sub3","animals","vegetables","vehicles","vegetables","vehicles","animals","vehicles","1","zom","english","wug","sib","","32","4","3sub","3sub","3sub","3sup","one","3sup","3sup","one","one","2017-01-25T20:42:53Z","30P8I9JKOILS78ZA32WBDVZJY8UV5N","","Approved","2017-01-25T21:27:29Z","2017-01-25T21:38:07Z","4"
"5","2017-01-25T19:57:25Z","32RIADZISS4X6HC0L4DYM04LEWBS4N","3","3","3sup","3sup","1","1","1","2","2","3","2","c1_sub1,c1_sub2","c3_sub1,c3_sub2","c3_bas2,c3_bas1,c3_sub2,c3_sub1","c3_bas1,c3_sub2,c3_sup1,c3_sup2,c3_sub1,c3_sup4,c3_sup3,c3_bas2","c2_sub2,c2_sub1,c2_bas1","c3_sub1,c3_sub2,c3_bas1,c3_bas2","c3_bas1,c3_sub2,c3_sub1,c3_bas2","c1_sub1,c1_sub2,c1_bas2,c1_bas1","c2_sub1,c2_sub2","c2_bas1,c2_sub2,c2_bas2,c2_sub1","vehicles","3","4","c1_sup2,c1_sup1,c1_sup3,c1_sup4,c1_bas1,c1_sub1,c1_bas2,c1_sub2","Yes","","c1_bas3-c1_sub3-c1_bas4","c3_bas3-c3_sub3-c3_bas4","c2_bas3-c2_bas4-c2_sub3","c2_sub3","c3_sub3-c3_sub4-c3_sub5","c1_sub5-c1_sub3-c1_sub4","c2_sub4-c2_sub3-c2_sub5","3sup","vegetables","c3_sub3","c1_sub3","c2_sup3,c2_sup1,c2_sub2,c2_bas1,c2_sub1,c2_sup4,c2_bas2","animals","wug","fep","4","rab","sib","zom","mep","wug","fep","mep","animals","vegetables","c1_sup5-c1_sub3-c1_sup6","c2_sup5-c2_sup6-c2_sub3","c3_sub3-c3_sup5-c3_sup6","animals","vegetables","vehicles","vegetables","animals","vehicles","vehicles","2","tev","english","rif","tob","Female","33","4","3sub","3sub","3sub","3bas","one","3bas","3bas","one","one","2017-01-25T19:42:24Z","30P8I9JKOILS78ZA32WBDVZJY8UV5N","","Submitted","2017-01-25T19:47:25Z",NA,"5"
"6","2017-01-25T19:55:40Z","32Z9ZLUT1LKCK182TUG8WK3OMCUHO1","3","3","one","one","1","1","1","2","2","3","2","c2_sup2,c2_sup4,c2_sub2,c2_sub1,c2_bas1,c2_bas2,c2_sup1,c2_sup3","c1_sub1,c1_sup4,c1_bas1,c1_sup1,c1_sub2,c1_sup2,c1_sup3,c1_bas2","c2_sub2,c2_sub1,c2_bas1,c2_bas2","c1_sub2,c1_sub1","c1_bas2,c1_sub1,c1_sub2,c1_bas1","c3_bas2,c3_sub2,c3_sub1,c3_bas1","c2_sub2,c2_bas2,c2_sub1,c2_bas1","c1_sub2,c1_bas2,c1_bas1,c1_sub1","c3_sup2,c3_sup4,c3_sup3,c3_sub1,c3_bas2,c3_sub2,c3_sup1,c3_bas1","c3_bas1,c3_bas2,c3_sub2,c3_sub1","vehicles","4","4","c3_sub2,c3_sub1","Yes","","c1_bas4-c1_bas3-c1_sub3","c2_sub3-c2_bas4-c2_bas3","c3_bas3-c3_sub3-c3_bas4","c3_sup5-c3_sup6-c3_sub3","c2_sub3-c2_sub5-c2_sub4","c3_sub5-c3_sub3-c3_sub4","c1_sub4-c1_sub3-c1_sub5","one","animals","c1_sup5-c1_sup6-c1_sub3","c2_sup5-c2_sup6-c2_sub3","c2_sub2,c2_sub1","vegetables","fep","rab","4","mep","wug","tob","rif","tev","zom","sib","vegetables","vehicles","c3_sub3","c2_sub3","c1_sub3","vehicles","animals","vegetables","vegetables","vehicles","animals","animals","2","zom","English","tev","sib","Female","30","4","3sub","3sub","3sub","3bas","3sup","3bas","3bas","3sup","3sup","2017-01-25T19:41:36Z","30P8I9JKOILS78ZA32WBDVZJY8UV5N","","Submitted","2017-01-25T19:45:40Z",NA,"6"
"7","2017-01-25T19:54:47Z","33JKGHPFYCUGUU91JCW890BFDOOMN0","3","3","3sup","3sup","1","1","1","2","2","3","2","c2_bas2,c2_sub2,c2_bas1,c2_sub1","c1_sub2,c1_sub1,c1_bas2,c1_bas1","c2_sub1,c2_sub2,c2_bas2,c2_bas1","c3_sup1,c3_sup2,c3_sub1,c3_bas1,c3_sup4,c3_sup3,c3_bas2,c3_sub2","c1_sub2,c1_bas2,c1_sub1,c1_bas1","c3_bas2,c3_sub2,c3_sub1,c3_bas1","c2_sub2,c2_bas1,c2_bas2,c2_sub1","c3_sub2,c3_sub1,c3_bas1,c3_bas2","c3_sub2,c3_sub1,c3_bas2,c3_bas1","c1_sub2,c1_bas2,c1_sub1,c1_bas1","vegetables","3","4","c2_sup4,c2_sub1,c2_sub2,c2_sup2,c2_bas1,c2_sup1,c2_bas2,c2_sup3","NA","","c3_sub3","c2_sub3","c1_sub3","c3_bas4-c3_bas3-c3_sub3","c2_sub3-c2_sub4-c2_sub5","c3_sub3-c3_sub4-c3_sub5","c1_sub3-c1_sub4-c1_sub5","3sup","vehicles","c1_sub3-c1_bas3-c1_bas4","c2_bas3-c2_bas4-c2_sub3","c1_sup4,c1_sup2,c1_sup1,c1_sub2,c1_sup3,c1_sub1,c1_bas2,c1_bas1","animals","mep","tev","4","sib","wug","zom","fep","wug","sib","zom","vegetables","vehicles","c2_sup5-c2_sup6-c2_sub3","c1_sup5-c1_sup6-c1_sub3","c3_sup5-c3_sub3-c3_sup6","vehicles","animals","vegetables","animals","vehicles","vegetables","animals","2","tob","English","rab","rif","","","4","3sub","3sub","3sub","one","3bas","one","one","3bas","3bas","2017-01-25T19:42:01Z","30P8I9JKOILS78ZA32WBDVZJY8UV5N","","Approved","2017-01-25T19:44:47Z","2017-01-25T19:55:07Z","7"
"8","2017-01-25T19:53:59Z","340UGXU9DY1CF7NJU59LARMMCDTUVH","3","3","3bas","3bas","1","1","1","2","2","3","2","c3_bas1,c3_sup3,c3_bas2,c3_sub2,c3_sup4,c3_sup1,c3_sub1,c3_sup2","c2_sup4,c2_sup3,c2_sup2,c2_sub1,c2_bas2,c2_sup1,c2_bas1,c2_sub2","c3_bas2,c3_bas1,c3_sub1,c3_sub2","c3_bas2,c3_bas1,c3_sub2,c3_sub1","c2_sub2,c2_bas2,c2_bas1,c2_sub1","c1_sub1,c1_sub2,c1_bas1,c1_bas2","c1_sub2,c1_bas2,c1_sub1,c1_bas1","c2_sub1,c2_sub2,c2_bas2","c1_bas1,c1_sup3,c1_bas2,c1_sup4,c1_sup2,c1_sub1,c1_sup1,c1_sub2","c3_bas2,c3_bas1,c3_sub1,c3_sub2","vegetables","3","4","c2_sub2,c2_bas2,c2_sub1,c2_bas1","Yes","Very fun!","c2_sub3","c1_sub3","c3_sub3","c1_sup6-c1_sup5-c1_sub3","c3_sub5-c3_sub4-c3_sub3","c1_sub5-c1_sub3-c1_sub4","c2_sub4-c2_sub3-c2_sub5","3bas","vehicles","c2_sup6-c2_sub3-c2_sup5","c3_sup5-c3_sup6-c3_sub3","c1_bas2,c1_bas1,c1_sub2,c1_sub1","animals","rif","sib","4","wug","rab","tev","zom","tev","rab","wug","vehicles","animals","c2_bas4-c2_sub3-c2_bas3","c1_bas4-c1_bas3-c1_sub3","c3_bas3-c3_bas4-c3_sub3","animals","vegetables","vehicles","vehicles","vegetables","animals","vegetables","2","mep","English","tob","fep","Female","36","4","3sub","3sub","3sub","one","3sup","one","one","3sup","3sup","2017-01-25T19:41:27Z","30P8I9JKOILS78ZA32WBDVZJY8UV5N","","Approved","2017-01-25T19:43:59Z","2017-01-25T19:54:07Z","8"
"9","2017-01-25T19:56:40Z","34HJIJKLP5WDY9T4FZI3XNOSD05V4V","3","3","one","one","1","1","1","2","2","3","2","c2_sub1","c3_sub1,c3_sub2","c1_sub1,c1_sub2","c3_sub2,c3_sub1","c3_sub1,c3_sub2","c2_sub2,c2_sub1","c3_sub2,c3_sub1","c2_sub2,c2_sub1","c1_bas1,c1_bas2","c1_sub2","vehicles","2","4","c1_sub2,c1_sub1","NA","It was cool but the instructions could have been more clear.","c2_sup6-c2_sub3-c2_sup5","c3_sup5-c3_sub3-c3_sup6","c1_sup5-c1_sub3-c1_sup6","c1_bas4-c1_bas3-c1_sub3","c1_sub4-c1_sub3-c1_sub5","c2_sub4-c2_sub5-c2_sub3","c3_sub4-c3_sub5-c3_sub3","one","vegetables","c3_bas3-c3_bas4-c3_sub3","c2_sub3-c2_bas3-c2_bas4","c2_sub2","animals","rif","fep","4","rab","wug","sib","mep","tev","zom","tob","animals","vehicles","c1_sub3","c2_sub3","c3_sub3","vegetables","vehicles","animals","vehicles","animals","vegetables","vegetables","1","tev","English","zom","tob","","","4","3sub","3sub","3sub","3sup","3bas","3sup","3sup","3bas","3bas","2017-01-25T19:42:49Z","30P8I9JKOILS78ZA32WBDVZJY8UV5N","","Submitted","2017-01-25T19:46:40Z",NA,"9"
"10","2017-01-25T20:10:28Z","35L9RVQFCOI7X6SZPGSHVQVD4YIHUE","3","3","one","one","1","1","1","2","2","3","2","c2_sub2,c2_sup3,c2_sub1,c2_sup4,c2_bas2,c2_sup1,c2_bas1,c2_sup2","c3_bas1,c3_sub1,c3_bas2,c3_sup1,c3_sup4,c3_sub2,c3_sup3,c3_sup2","c3_sub2,c3_sub1","c1_sub1,c1_sub2","c2_sub2,c2_sub1","c1_sub1,c1_sub2","c2_sub1,c2_sub2,c2_sup1,c2_bas2,c2_bas1","c3_sub2,c3_bas1,c3_bas2","c1_sub1,c1_sup3,c1_sub2,c1_bas2,c1_sup4,c1_sup2,c1_sup1,c1_bas1","c1_sub1,c1_sub2,c1_bas1,c1_bas2","vehicles","1","4","c3_sub2,c3_sub1","Yes","","c3_bas3-c3_sub3-c3_bas4","c2_bas3-c2_sub3-c2_bas4","c1_bas4-c1_bas3-c1_sub3","c1_sub3-c1_sup5-c1_sup6","c3_sub5-c3_sub3-c3_sub4","c1_sub4-c1_sub5-c1_sub3","c2_sub5-c2_sub3-c2_sub4","one","animals","c3_sub3-c3_sup6-c3_sup5","c2_sub3-c2_sup5-c2_sup6","c2_sub2,c2_sub1","vegetables","tev","rab","4","wug","zom","tob","rif","sib","mep","fep","animals","vehicles","c3_sub3","c2_sub3","c1_sub3","animals","vegetables","vehicles","animals","vehicles","vegetables","vegetables","2","sib","English","fep","mep","Male","23","4","3sub","3sub","3sub","3bas","3sup","3bas","3bas","3sup","3sup","2017-01-25T19:42:46Z","30P8I9JKOILS78ZA32WBDVZJY8UV5N","","Approved","2017-01-25T20:00:28Z","2017-01-25T20:11:07Z","10"
"11","2017-01-25T20:18:17Z","36AHBNMV1RC72Z72DL6G7QMS8U0YDK","3","3","one","one","1","1","1","2","2","3","2","c2_bas2,c2_sub2,c2_bas1,c2_sub1","c1_bas2,c1_sub2,c1_bas1,c1_sub1","c3_sub2,c3_sub1","c3_bas2,c3_sub1,c3_sub2,c3_bas1","c1_sub1,c1_sub2","c2_sub1","c3_bas2,c3_sub1,c3_sup1,c3_sup4,c3_sup3,c3_sub2,c3_bas1,c3_sup2","c1_sup3,c1_sup4,c1_bas2,c1_sup2,c1_sub1,c1_sup1,c1_bas1,c1_sub2","c3_bas1,c3_bas2,c3_sub2,c3_sub1","c2_sup2,c2_bas2,c2_sup3,c2_sub2,c2_sub1,c2_bas1,c2_sup1","vegetables","4","4","c2_bas1,c2_sub2,c2_bas2,c2_sub1","Yes","","c1_sub3-c1_sup5-c1_sup6","c3_sup6-c3_sup5-c3_sub3","c2_sup6-c2_sup5-c2_sub3","c3_sub3-c3_bas3-c3_bas4","c3_sub4-c3_sub3-c3_sub5","c2_sub3-c2_sub4-c2_sub5","c1_sub4-c1_sub5-c1_sub3","one","vehicles","c1_bas4-c1_sub3-c1_bas3","c2_sub3-c2_bas4-c2_bas3","c1_sub2,c1_sub1,c1_bas1,c1_bas2","animals","sib","rif","4","tob","mep","zom","fep","rab","tev","wug","vegetables","vehicles","c2_sub3","c1_sub3","c3_sub3","animals","vehicles","vegetables","vegetables","animals","vehicles","animals","2","tev","English","wug","rab","Female","41","4","3sub","3sub","3sub","3sup","3bas","3sup","3sup","3bas","3bas","2017-01-25T19:42:49Z","30P8I9JKOILS78ZA32WBDVZJY8UV5N","","Approved","2017-01-25T20:08:17Z","2017-01-25T20:19:07Z","11"
"12","2017-01-25T20:07:28Z","36TFCYNS44AZEAMUUL34FXUHYGZHX6","3","3","3sup","3sup","1","1","1","2","2","3","2","c3_sub2,c3_sub1","c1_sub1,c1_sub2","c1_sup1,c1_sup4,c1_sub1,c1_sub2","c1_sup3,c1_sup1,c1_sup2,c1_sub2,c1_sub1,c1_bas1,c1_bas2","c1_sub1,c1_sub2","c3_sub1,c3_sub2","c1_bas2,c1_sub1,c1_bas1,c1_sub2","c3_bas2,c3_bas1,c3_sub2,c3_sub1","c2_sub1,c2_sub2","c2_bas1,c2_bas2,c2_sub2,c2_sub1","animals","2","4","c2_sup1,c2_bas2,c2_bas1,c2_sub1,c2_sup4,c2_sub2","NA","","c3_bas4-c3_bas3-c3_sub3","c1_bas3-c1_bas4-c1_sub3","c2_sub3-c2_bas4-c2_bas3","c2_sub3","c2_sub5-c2_sub4-c2_sub3","c3_sub3-c3_sub4-c3_sub5","c1_sub3-c1_sub5-c1_sub4","3sup","vehicles","c1_sub3","c3_sub3","c3_sup2,c3_bas1,c3_sub2,c3_bas2,c3_sup4,c3_sup1,c3_sup3","vegetables","rab","sib","4","rif","wug","fep","zom","zom","sib","rab","vegetables","animals","c2_sup5-c2_sub3-c2_sup6","c3_sup6-c3_sub3-c3_sup5","c1_sub3-c1_sup5-c1_sup6","vehicles","animals","vegetables","animals","vegetables","vehicles","vehicles","1","mep","english","tev","tob","","","4","3sub","3sub","3sub","3bas","one","3bas","3bas","one","one","2017-01-25T19:42:53Z","30P8I9JKOILS78ZA32WBDVZJY8UV5N","","Approved","2017-01-25T19:57:28Z","2017-01-25T20:08:07Z","12"
"13","2017-01-25T19:56:49Z","36V4Q8R5ZK01XRMTZ4OPDU6KIZBMQN","3","3","3bas","3bas","1","1","1","2","2","3","2","c2_sup3,c2_bas2,c2_bas1,c2_sup1,c2_sub2,c2_sub1","c3_sup3,c3_sup1,c3_sup2,c3_bas1,c3_sub1,c3_bas2,c3_sup4,c3_sub2","c1_sub2,c1_sub1,c1_bas1,c1_bas2","c1_sub2,c1_sub1,c1_bas2,c1_bas1","c2_sub1,c2_sub2","c3_bas2,c3_sub2,c3_bas1","c2_sub2,c2_sub1","c1_sub1,c1_bas2,c1_bas1,c1_sub2","c1_bas1,c1_sup4,c1_sub2,c1_sup3,c1_bas2,c1_sup2,c1_sub1,c1_sup1","c3_sub1,c3_sub2,c3_bas2,c3_bas1","animals","3","4","c2_sub1,c2_sub2,c2_bas2,c2_bas1","Yes","I wanna know about my accuracy :) ","c1_sub3","c2_sub3","c3_sub3","c1_sup6-c1_sup5-c1_sub3","c1_sub4-c1_sub3-c1_sub5","c3_sub3-c3_sub4-c3_sub5","c2_sub3-c2_sub5-c2_sub4","3bas","vehicles","c3_sup6-c3_sup5-c3_sub3","c2_sup5-c2_sup6-c2_sub3","c3_sub1,c3_sub2,c3_bas2,c3_bas1","vegetables","mep","fep","4","rab","tob","wug","tev","rab","wug","tob","animals","vehicles","c2_bas3-c2_bas4-c2_sub3","c3_bas4-c3_sub3-c3_bas3","c1_bas4-c1_sub3-c1_bas3","vegetables","animals","vehicles","vegetables","vehicles","animals","vegetables","2","rif","English","sib","zom","Female","35","4","3sub","3sub","3sub","one","3sup","one","one","3sup","3sup","2017-01-25T19:42:38Z","30P8I9JKOILS78ZA32WBDVZJY8UV5N","","Submitted","2017-01-25T19:46:49Z",NA,"13"
"14","2017-01-25T19:54:45Z","37Q970SNZE8GEIFHYMUWO2XI2C21SK","3","3","3sup","3sup","1","1","1","2","2","3","2","c3_sub2,c3_sub1","c2_sub1,c2_sub2","c2_sub2,c2_sub1","c2_sup1,c2_sub2,c2_sub1,c2_sup3,c2_bas1,c2_sup2,c2_bas2,c2_sup4","c1_sub2,c1_sub1","c3_sub2,c3_sub1","c2_bas1,c2_sub1,c2_sub2,c2_bas2","c1_sub2,c1_bas1,c1_sub1,c1_bas2","c1_sub2,c1_sub1","c3_sub1,c3_bas2,c3_sub2,c3_bas1","vegetables","3","4","c3_sub1,c3_sup4,c3_sup1,c3_bas2,c3_sup2,c3_sub2,c3_sup3,c3_bas1","Yes","","c1_sub3-c1_bas4-c1_bas3","c2_bas3-c2_bas4-c2_sub3","c3_bas3-c3_sub3-c3_bas4","c1_sub3","c2_sub3-c2_sub5-c2_sub4","c3_sub5-c3_sub3-c3_sub4","c1_sub3-c1_sub5-c1_sub4","3sup","animals","c2_sub3","c3_sub3","c1_sup1,c1_sub2,c1_bas2,c1_sup3,c1_sup2,c1_sup4,c1_sub1,c1_bas1","vehicles","wug","rif","4","sib","fep","zom","tob","wug","rif","tob","vehicles","animals","c3_sup5-c3_sub3-c3_sup6","c1_sup6-c1_sup5-c1_sub3","c2_sup5-c2_sup6-c2_sub3","vehicles","animals","vegetables","vegetables","vehicles","animals","vegetables","2","tev","English","mep","rab","Female","23","4","3sub","3sub","3sub","3bas","one","3bas","3bas","one","one","2017-01-25T19:41:49Z","30P8I9JKOILS78ZA32WBDVZJY8UV5N","","Approved","2017-01-25T19:44:45Z","2017-01-25T19:55:07Z","14"
"15","2017-01-25T19:58:09Z","37QW5D2ZRGMYPIZ2X73B3CKQGI7S8U","3","3","3sup","3sup","1","1","1","2","2","3","2","c1_sub1,c1_sub2","c2_sub2,c2_sub1","c2_sub2,c2_sub1","c2_bas2,c2_sup2,c2_bas1,c2_sup4,c2_sub1,c2_sub2,c2_sup3,c2_sup1","c3_sub1,c3_sub2","c1_sub1,c1_sub2","c2_sub1,c2_bas2,c2_bas1,c2_sub2","c3_bas2,c3_sub2,c3_bas1,c3_sub1","c3_sub1,c3_sub2","c1_sub1,c1_bas1,c1_sub2,c1_bas2","vegetables","2","4","c3_sub1,c3_sup3,c3_sup1,c3_sup4,c3_sup2,c3_bas1,c3_bas2,c3_sub2","Yes","Fun, thanks!","c3_bas3-c3_sub3-c3_bas4","c2_bas4-c2_sub3-c2_bas3","c1_bas4-c1_bas3-c1_sub3","c3_sub3","c2_sub5-c2_sub3-c2_sub4","c1_sub5-c1_sub3-c1_sub4","c3_sub5-c3_sub3-c3_sub4","3sup","animals","c2_sub3","c1_sub3","c1_sup4,c1_sup3,c1_bas1,c1_sub1,c1_sup1,c1_bas2,c1_sub2,c1_sup2","vehicles","wug","sib","4","tob","tev","fep","rif","wug","sib","rif","vehicles","vegetables","c3_sup6-c3_sup5-c3_sub3","c1_sub3-c1_sup5-c1_sup6","c2_sup6-c2_sup5-c2_sub3","vehicles","vegetables","animals","animals","vehicles","vegetables","animals","2","rab","English","zom","mep","Male","33","4","3sub","3sub","3sub","3bas","one","3bas","3bas","one","one","2017-01-25T19:42:54Z","30P8I9JKOILS78ZA32WBDVZJY8UV5N","","Submitted","2017-01-25T19:48:09Z",NA,"15"
"16","2017-01-25T20:00:06Z","384PI804XS1G7TUZ23QWAXE8XKVS07","3","3","one","one","1","1","1","2","2","3","2","c1_sup3,c1_bas1,c1_sup1,c1_sub1,c1_sub2,c1_sup4,c1_bas2,c1_sup2","c2_sup4,c2_sup2,c2_sup3,c2_bas2,c2_bas1,c2_sub2,c2_sub1,c2_sup1","c3_sub2,c1_sub1,c2_bas2,c1_sup1,c3_sub1,c3_sup4,c1_sub2,c2_sub2,c2_sup4,c1_sup4,c2_sub1,c3_sup1,c2_sup1,c1_bas2,c2_sup2,c1_sup2,c3_bas1,c1_bas1,c3_bas2,c2_sup3,c3_sup3,c2_bas1,c1_sup3,c3_sup2","c1_sub1,c1_bas2,c1_bas1","c1_bas1,c3_sub2","c1_sup4,c1_sub1,c2_sup3,c1_sup1,c1_sup2,c1_bas2,c3_sup3,c2_sup2,c3_sub2,c3_bas1,c2_sup1,c3_bas2,c2_sup4,c3_sup4,c2_bas1,c2_bas2,c1_bas1,c3_sup1,c1_sup3,c3_sub1,c1_sub2,c2_sub2,c2_sub1,c3_sup2","c1_bas2,c1_sup1,c1_sup3,c3_sub2,c1_sub1,c1_bas1,c3_sub1,c3_bas2,c3_bas1","c1_sup1,c1_sub1,c1_sup4,c1_sup3,c1_sub2","c1_sup1,c1_bas1,c1_sup4,c1_sup3,c1_sub1,c1_sub2,c3_bas2","c3_sup1,c3_bas1,c3_sub1,c3_sup3","animals","2","4","c2_sub1,c2_sub2,c2_bas1,c2_bas2","Yes","nice study","c1_sup5-c1_sup6-c1_sub3","c3_sup6-c3_sub3-c3_sup5","c2_sup6-c2_sub3-c2_sup5","c3_bas3-c3_bas4-c3_sub3","c3_sub5-c3_sub4-c3_sub3","c1_sub4-c1_sub5-c1_sub3","c2_sub5-c2_sub4-c2_sub3","one","vehicles","c2_bas3-c2_bas4-c2_sub3","c1_sub3-c1_bas3-c1_bas4","c3_bas2,c3_sub1","vegetables","tob","mep","4","rab","sib","fep","wug","zom","tev","rif","vehicles","vegetables","c2_sub3","c3_sub3","c1_sub3","animals","vegetables","vehicles","vegetables","animals","vehicles","animals","2","rif","English","zom","tev","Male","25","4","3sub","3sub","3sub","3sup","3bas","3sup","3sup","3bas","3bas","2017-01-25T19:42:05Z","30P8I9JKOILS78ZA32WBDVZJY8UV5N","","Submitted","2017-01-25T19:50:06Z",NA,"16"
"17","2017-01-25T19:55:57Z","39GAF6DQWR0W6AWLSHZ1ZPHP1GVV1I","3","3","3sup","3sup","1","1","1","2","2","3","2","c1_sub1,c1_sub2","c2_sub2,c2_sub1","c3_sub2,c3_sub1","c2_sup4,c2_sup3,c2_bas2,c2_sub2,c2_sub1,c2_sup2,c2_bas1,c2_sup1","c2_sub2,c2_sub1","c1_sub2,c1_sub1","c2_sub1,c2_bas2,c2_bas1,c2_sub2","c1_sub1,c1_bas2,c1_bas1,c1_sub2","c3_sub2,c3_sub1","c3_bas1,c3_sub2,c3_bas2,c3_sub1","vegetables","2","4","c3_sub2,c3_sup1,c3_sup2,c3_bas1,c3_bas2,c3_sub1,c3_sup3,c3_sup4","Yes","","c1_bas4-c1_sub3-c1_bas3","c2_sub3-c2_bas3-c2_bas4","c3_bas4-c3_bas3-c3_sub3","c3_sub3","c3_sub3-c3_sub5-c3_sub4","c1_sub4-c1_sub5-c1_sub3","c2_sub3-c2_sub5-c2_sub4","3sup","animals","c2_sub3","c1_sub3","c1_bas2,c1_sup1,c1_sup2,c1_sub1,c1_sup4,c1_bas1,c1_sub2,c1_sup3","vehicles","rif","fep","4","mep","tob","rab","wug","wug","fep","rif","vehicles","vegetables","c3_sup6-c3_sup5-c3_sub3","c1_sup6-c1_sub3-c1_sup5","c2_sub3-c2_sup6-c2_sup5","animals","vegetables","vehicles","vegetables","vehicles","animals","animals","2","sib","English","zom","tev","Male","49","4","3sub","3sub","3sub","3bas","one","3bas","3bas","one","one","2017-01-25T19:42:04Z","30P8I9JKOILS78ZA32WBDVZJY8UV5N","","Submitted","2017-01-25T19:45:57Z",NA,"17"
"18","2017-01-25T20:21:02Z","3A4NIXBJ76ZQ6U6G7ZGTW87Q8TOMLY","3","3","3sup","3sup","1","1","1","2","2","3","2","c3_sub2,c3_sub1","c2_sub2,c2_sub1","c1_sub1,c1_sub2","c2_sup2,c2_sup1,c2_sup3,c2_sub2,c2_sup4,c2_bas1,c2_sub1,c2_bas2","c2_sub2,c2_sub1","c3_sub2,c3_sub1","c3_bas1,c3_sub1,c3_bas2,c3_sub2","c1_bas1,c1_sub2,c1_sub1,c1_bas2","c1_sub2,c1_sub1","c2_bas1,c2_sub1,c2_bas2,c2_sub2","vegetables","2","4","c3_sub1,c3_sup3,c3_sub2,c3_sup4,c3_bas2,c3_bas1,c3_sup2,c3_sup1","Yes","","c1_bas4-c1_sub3-c1_bas3","c3_bas3-c3_sub3-c3_bas4","c2_sub3-c2_bas4-c2_bas3","c1_sub3","c1_sub4-c1_sub3-c1_sub5","c3_sub3-c3_sub4-c3_sub5","c2_sub3-c2_sub4-c2_sub5","3sup","animals","c2_sub3","c3_sub3","c1_sup1,c1_sup3,c1_sub1,c1_bas2,c1_sup4,c1_sub2,c1_bas1","vehicles","tob","fep","4","rab","sib","wug","rif","rif","fep","tob","vehicles","animals","c3_sup6-c3_sub3-c3_sup5","c1_sup5-c1_sub3-c1_sup6","c2_sup5-c2_sub3-c2_sup6","vegetables","animals","vehicles","vegetables","animals","vehicles","vegetables","1","mep","English","tev","zom","Male","29","4","3sub","3sub","3sub","3bas","one","3bas","3bas","one","one","2017-01-25T19:41:21Z","30P8I9JKOILS78ZA32WBDVZJY8UV5N","","Approved","2017-01-25T20:11:02Z","2017-01-25T20:21:07Z","18"
"19","2017-01-25T19:56:08Z","3AAPLD8UCCHSXTDAPB27QU9BLKBHTN","3","3","3bas","3bas","1","1","1","2","2","3","2","c2_bas1,c2_sub2,c2_bas2,c2_sub1","c1_bas2,c1_sub2,c1_sub1,c1_bas1","c1_sub1,c1_sub2","c1_sub2,c1_bas1,c1_sub1,c1_bas2","c3_sub1,c3_sub2","c2_sub1,c2_sub2","c3_sub1,c3_bas1,c3_sub2,c3_sup2,c3_bas2,c3_sup1,c3_sup3,c3_sup4","c2_sub1,c2_sub2,c2_sup1,c2_bas1,c2_bas2,c2_sup3,c2_sup4","c3_bas2,c3_bas1,c3_sub2,c3_sub1","c1_sup1,c1_sup3,c1_sup4,c1_sub1,c1_bas1,c1_bas2,c1_sub2","vehicles","3","4","c3_sub2,c3_sub1,c3_bas2,c3_bas1","Yes","","c2_sup6-c2_sup5-c2_sub3","c3_sup5-c3_sup6-c3_sub3","c1_sup5-c1_sub3-c1_sup6","c3_sub3","c1_sub5-c1_sub3-c1_sub4","c2_sub3-c2_sub4-c2_sub5","c3_sub5-c3_sub3-c3_sub4","3bas","animals","c1_sub3","c2_sub3","c2_bas2,c2_sub2,c2_sub1,c2_bas1","vegetables","rab","wug","4","mep","zom","tev","rif","rab","wug","rif","vegetables","vehicles","c3_bas4-c3_sub3-c3_bas3","c2_sub3-c2_bas3-c2_bas4","c1_bas4-c1_sub3-c1_bas3","vegetables","vehicles","animals","vehicles","animals","vegetables","animals","2","fep","English","sib","tob","Male","22","4","3sub","3sub","3sub","3sup","one","3sup","3sup","one","one","2017-01-25T19:42:34Z","30P8I9JKOILS78ZA32WBDVZJY8UV5N","","Submitted","2017-01-25T19:46:08Z",NA,"19"
"20","2017-01-25T19:55:31Z","3AMW0RGHOD2MFX6EBSO0Q45AITZPNZ","3","3","3sup","3sup","1","1","1","2","2","3","2","c1_bas1,c1_sub1,c1_sub2,c1_bas2","c2_bas2,c2_sub1,c2_sub2,c2_bas1","c2_sub2,c2_sub1","c3_sup4,c3_sup3,c3_sub2,c3_sup2,c3_bas1,c3_sub1,c3_sup1,c3_bas2","c3_sub1,c3_sub2","c1_sub2,c1_sub1","c1_sub1,c1_sub2","c3_sub2,c3_sub1","c3_sub1,c3_sub2,c3_bas2,c3_bas1","c2_sub1,c2_sub2","vegetables","4","4","c2_bas1,c2_sub1,c2_bas2,c2_sup2,c2_sup4,c2_sup1,c2_sup3,c2_sub2","NA","","c3_sub3","c1_sub3","c2_sub3","c3_bas4-c3_bas3-c3_sub3","c2_sub5-c2_sub4-c2_sub3","c1_sub4-c1_sub3-c1_sub5","c3_sub5-c3_sub4-c3_sub3","3sup","vehicles","c2_bas3-c2_bas4-c2_sub3","c1_sub3-c1_bas4-c1_bas3","c1_sup3,c1_sub2,c1_bas1,c1_sup1,c1_sup2,c1_sup4,c1_bas2,c1_sub1","animals","tev","zom","4","wug","tob","rif","rab","rif","tob","wug","vehicles","vegetables","c2_sup6-c2_sub3-c2_sup5","c1_sup6-c1_sup5-c1_sub3","c3_sup6-c3_sup5-c3_sub3","vehicles","vegetables","animals","animals","vegetables","vehicles","animals","2","fep","English","sib","mep","","","4","3sub","3sub","3sub","one","3bas","one","one","3bas","3bas","2017-01-25T19:42:21Z","30P8I9JKOILS78ZA32WBDVZJY8UV5N","","Submitted","2017-01-25T19:45:31Z",NA,"20"
"21","2017-01-25T20:13:20Z","3AUQQEL7U5TWZLB3WYV1LKYFWOPV0F","3","3","3sup","3sup","1","1","1","2","2","3","2","c2_sub2,c2_bas1,c2_sub1,c2_bas2","c3_bas2,c3_sub2,c3_bas1,c3_sub1","c2_sub2,c2_sub1","c3_sup2,c3_sub2,c3_sup1,c3_bas1,c3_sub1,c3_sup3,c3_bas2,c3_sup4","c3_sub2,c3_sub1","c1_sub2,c1_sub1","c3_sub2,c3_sub1","c2_sub2,c2_sub1","c1_bas2,c1_sub1,c1_sub2,c1_bas1","c1_sub2,c1_sub1","vegetables","3","4","c2_sub1,c2_sup1,c2_bas1,c2_sup4,c2_sub2,c2_bas2,c2_sup3","Yes","","c2_sub3","c3_sub3","c1_sub3","c1_bas3-c1_sub3-c1_bas4","c2_sub5-c2_sub4-c2_sub3","c1_sub3-c1_sub4-c1_sub5","c3_sub5-c3_sub3-c3_sub4","3sup","vehicles","c3_bas4-c3_sub3-c3_bas3","c2_sub3-c2_bas3-c2_bas4","c1_sup1,c1_sup3,c1_sub1,c1_sub2,c1_bas2,c1_bas1,c1_sup4","animals","sib","tob","4","tev","fep","wug","rif","tev","wug","fep","animals","vehicles","c2_sup6-c2_sub3-c2_sup5","c1_sup6-c1_sub3-c1_sup5","c3_sup6-c3_sup5-c3_sub3","vehicles","vegetables","animals","vehicles","animals","vegetables","vegetables","2","zom","English","rab","mep","Male","42","4","3sub","3sub","3sub","one","3bas","one","one","3bas","3bas","2017-01-25T19:41:57Z","30P8I9JKOILS78ZA32WBDVZJY8UV5N","","Approved","2017-01-25T20:03:20Z","2017-01-25T20:14:07Z","21"
"22","2017-01-25T20:09:47Z","3COPXFW7XBCL7RLBEFWKYCO6OYUPKU","3","3","3bas","3bas","1","1","1","2","2","3","2","c3_bas1,c3_bas2,c3_sub2,c3_sub1,c3_sup4,c3_sup2,c3_sup3,c3_sup1","c1_sup2,c1_sub1,c1_sup1,c1_sub2,c1_sup3,c1_bas1,c1_bas2,c1_sup4","c2_bas1,c1_sup2,c3_bas2,c3_bas1,c1_sub2,c1_bas2,c2_sub2","c1_sub1,c1_sub2,c1_bas2,c1_bas1","c1_sub2,c1_bas1,c1_sub1,c1_bas2","c2_sub2,c2_bas1,c2_bas2,c2_sub1","c3_sub2,c3_bas1,c3_sub1,c3_bas2","c1_sub1,c1_sub2,c1_bas1","c2_sup3,c2_sub1,c2_bas2,c2_sup1,c2_sup4,c2_bas1,c2_sub2","c2_bas1,c2_sub2,c2_bas2,c2_sub1","animals","3","4","c2_sub1,c2_sub2,c2_bas1,c2_bas2","Yes","n/a","c1_sub3","c3_sub3","c2_sub3","c2_sub3-c2_sup5-c2_sup6","c3_sub5-c3_sub4-c3_sub3","c2_sub3-c2_sub5-c2_sub4","c1_sub3-c1_sub4-c1_sub5","3bas","vehicles","c1_sup6-c1_sub3-c1_sup5","c3_sup5-c3_sub3-c3_sup6","c3_bas1,c3_bas2,c3_sup4,c3_sub1,c3_sub2","vegetables","rif","tev","4","sib","zom","mep","tob","zom","mep","sib","vegetables","animals","c2_bas3-c2_bas4-c2_sub3","c3_bas4-c3_bas3-c3_sub3","c1_bas3-c1_sub3-c1_bas4","animals","vehicles","vegetables","vegetables","animals","vehicles","vehicles","1","wug","English","fep","rab","Male","29","4","3sub","3sub","3sub","one","3sup","one","one","3sup","3sup","2017-01-25T19:41:53Z","30P8I9JKOILS78ZA32WBDVZJY8UV5N","","Approved","2017-01-25T19:59:47Z","2017-01-25T20:10:07Z","22"
"23","2017-01-25T20:11:13Z","3DY46V3X3PIEWYIPNDJ0YH0708Z554","3","3","3sup","3sup","1","1","1","2","2","3","2","c3_sub1,c3_sub2","c1_sub2,c1_sub1","c1_sub1,c1_sub2","c3_sub2,c3_bas2,c3_sup3,c3_sup4,c3_sup2,c3_bas1,c3_sup1,c3_sub1","c3_sub1,c3_sub2","c2_sub1,c2_sub2","c1_bas1,c1_sub1,c1_bas2,c1_sub2","c2_sub2,c2_bas1,c2_bas2,c2_sub1","c2_sub1,c2_sub2","c3_bas2,c3_bas1,c3_sub2,c3_sub1","vehicles","2","4","c1_sup1,c1_bas1,c1_sup4,c1_sup3,c1_sub2,c1_bas2,c1_sub1,c1_sup2","Yes","","c2_bas3-c2_sub3-c2_bas4","c1_bas3-c1_sub3-c1_bas4","c3_bas4-c3_bas3-c3_sub3","c2_sub3","c1_sub5-c1_sub4-c1_sub3","c2_sub5-c2_sub4-c2_sub3","c3_sub5-c3_sub3-c3_sub4","3sup","vegetables","c1_sub3","c3_sub3","c2_bas1,c2_sub2,c2_sup1,c2_sub1,c2_bas2","animals","wug","fep","4","tob","rab","zom","tev","wug","tev","fep","vegetables","animals","c1_sup6-c1_sub3-c1_sup5","c2_sup6-c2_sub3-c2_sup5","c3_sub3-c3_sup6-c3_sup5","vegetables","vehicles","animals","vehicles","vegetables","animals","vehicles","2","mep","English","rif","sib","Male","21","4","3sub","3sub","3sub","3bas","one","3bas","3bas","one","one","2017-01-25T19:58:33Z","30P8I9JKOILS78ZA32WBDVZJY8UV5N","","Approved","2017-01-25T20:01:13Z","2017-01-25T20:12:07Z","23"
"24","2017-01-25T20:14:51Z","3DZQRBDBSLFCOLTWLQ8FCVCF0WFS32","3","3","3bas","3bas","1","1","1","2","2","3","2","c2_sub1,c2_bas2,c2_sup2,c2_sub2,c2_sup4,c2_bas1,c2_sup1","c3_bas2,c3_bas1,c3_sub2,c3_sup3,c3_sup4,c3_sup1,c3_sup2,c3_sub1","c1_sub1,c1_sub2","c2_sub2,c2_bas1,c2_bas2","c3_sub2,c3_sub1","c2_sub2,c2_sub1","c1_sub1,c1_sub2","c3_sub1,c3_sub2","c1_bas2,c1_sub1,c1_sub2,c1_bas1,c1_sup3","c2_sub2,c2_sub1","vegetables","3","4","c3_bas1,c3_bas2,c3_sub2,c3_sub1","Yes","no comments","c3_sub3","c1_sub3","c2_sub3","c1_sup5-c1_sup6-c1_sub3","c1_sub4-c1_sub3-c1_sub5","c2_sub4-c2_sub5-c2_sub3","c3_sub3-c3_sub5-c3_sub4","3bas","animals","c3_sup6-c3_sup5-c3_sub3","c2_sub3-c2_sup6-c2_sup5","c1_sub1,c1_sub2,c1_bas1,c1_bas2","vehicles","rab","rif","4","tev","sib","tob","zom","sib","tob","tev","animals","vehicles","c3_sub3-c3_bas3-c3_bas4","c1_bas4-c1_bas3-c1_sub3","c2_sub3-c2_bas4-c2_bas3","vegetables","vehicles","animals","animals","vegetables","vehicles","vegetables","2","mep","English","fep","wug","Male","46","4","3sub","3sub","3sub","one","3sup","one","one","3sup","3sup","2017-01-25T19:43:33Z","30P8I9JKOILS78ZA32WBDVZJY8UV5N","","Approved","2017-01-25T20:04:51Z","2017-01-25T20:15:07Z","24"
"25","2017-01-25T19:54:57Z","3EFE17QCRC5RIT0V0BXHGPDPJ1XHSY","3","3","one","one","1","1","1","2","2","3","2","c2_sup4,c2_bas1,c2_sub1,c2_sup3,c2_bas2,c2_sup1,c2_sub2","c3_sup1,c3_bas1,c3_sup3,c3_bas2,c3_sub2,c3_sup4,c3_sub1,c3_sup2","c1_sub1,c1_sub2","c3_sub2,c3_sub1","c3_sub1,c3_sub2","c2_sub2,c2_sub1","c2_sub2,c2_bas2,c2_bas1,c2_sub1","c1_bas1,c1_sub1,c1_sub2,c1_bas2","c1_sub1,c1_sup3,c1_sup1,c1_bas1,c1_sup2,c1_bas2,c1_sup4,c1_sub2","c3_sub2,c3_bas2,c3_bas1,c3_sub1","vehicles","4","4","c1_sub2,c1_sub1","Yes","","c1_bas4-c1_sub3-c1_bas3","c2_bas4-c2_sub3-c2_bas3","c3_sub3-c3_bas3-c3_bas4","c1_sup6-c1_sub3-c1_sup5","c1_sub4-c1_sub5-c1_sub3","c2_sub5-c2_sub3-c2_sub4","c3_sub3-c3_sub5-c3_sub4","one","vegetables","c3_sub3-c3_sup5-c3_sup6","c2_sub3-c2_sup6-c2_sup5","c2_sub2,c2_sub1","animals","rif","mep","4","tob","wug","fep","rab","tev","sib","zom","animals","vehicles","c1_sub3","c2_sub3","c3_sub3","vegetables","vehicles","animals","vegetables","vehicles","animals","vegetables","2","tev","English","sib","zom","Male","33","4","3sub","3sub","3sub","3bas","3sup","3bas","3bas","3sup","3sup","2017-01-25T19:42:13Z","30P8I9JKOILS78ZA32WBDVZJY8UV5N","","Approved","2017-01-25T19:44:57Z","2017-01-25T19:55:07Z","25"
"26","2017-01-25T20:04:18Z","3EJJQNKU9R5FHE0ILMXCQF8TXZEHRA","3","3","3bas","3bas","1","1","1","2","2","3","2","c1_sub1,c1_sup1,c1_sup2,c1_bas1,c1_sub2,c1_sup4","c3_sub2,c3_sup1,c3_bas2,c3_sup3,c3_bas1,c3_sub1,c3_sup2","c3_sub1,c3_sub2","c1_bas1,c1_sub1,c1_sub2,c1_bas2","c2_sub2,c2_sub1","c1_sub2,c1_sub1","c2_sub1,c2_sub2","c3_sub2,c3_sub1","c2_sup4,c2_bas1,c2_bas2,c2_sup1,c2_sub1,c2_sup3,c2_sub2","c1_sub1,c1_sub2","vehicles","3","4","c3_bas1,c3_sub2,c3_sub1,c3_bas2","NA","","c3_sub3","c2_sub3","c1_sub3","c2_sub3-c2_sup6-c2_sup5","c3_sub3-c3_sub4-c3_sub5","c1_sub3-c1_sub5-c1_sub4","c2_sub5-c2_sub3-c2_sub4","3bas","animals","c3_sup5-c3_sup6-c3_sub3","c1_sup6-c1_sub3-c1_sup5","c2_bas2,c2_sub2,c2_sub1,c2_bas1","vegetables","zom","fep","4","rab","mep","wug","rif","rab","wug","mep","animals","vegetables","c3_sub3-c3_bas4-c3_bas3","c2_sub3-c2_bas3-c2_bas4","c1_bas4-c1_bas3-c1_sub3","animals","vegetables","vehicles","animals","vehicles","vegetables","vehicles","2","tob","english","sib","tev","","","4","3sub","3sub","3sub","one","3sup","one","one","3sup","3sup","2017-01-25T19:42:10Z","30P8I9JKOILS78ZA32WBDVZJY8UV5N","","Submitted","2017-01-25T19:54:18Z",NA,"26"
"27","2017-01-25T19:57:32Z","3FE2ERCCZX84XI6QC7OD5T5F834POE","3","3","3sup","3sup","1","1","1","2","2","3","2","c3_bas2,c3_sub2,c3_sub1,c3_bas1","c1_bas1,c1_sub2,c1_sub1,c1_bas2","c2_sub1,c2_sub2,c2_bas2","c1_sub1,c1_bas2,c1_sub2,c1_bas1,c1_sup2","c1_sub2,c1_sub1,c1_bas1","c3_sub2,c3_sub1,c3_bas2","c1_sub2,c1_sub1","c3_sub2,c3_sub1","c2_sub2,c2_bas1,c2_bas2,c2_sub1","c2_sub2,c2_sub1","animals","3","4","c2_bas2,c2_sup1,c2_sub2,c2_sub1,c2_bas1,c2_sup4,c2_sup3","Yes","Could be interpreted in a number of ways.","c3_sub3","c1_sub3","c2_sub3","c2_bas4-c2_sub3-c2_bas3","c2_sub5-c2_sub4-c2_sub3","c3_sub3-c3_sub4-c3_sub5","c1_sub3-c1_sub4-c1_sub5","3sup","vehicles","c1_bas3-c1_bas4-c1_sub3","c3_bas3-c3_sub3-c3_bas4","c3_sup3,c3_bas1,c3_sub2,c3_bas2,c3_sub1","vegetables","fep","sib","4","rab","zom","tob","tev","tob","rab","zom","vegetables","animals","c2_sup6-c2_sup5-c2_sub3","c3_sup6-c3_sub3-c3_sup5","c1_sup6-c1_sub3-c1_sup5","vehicles","animals","vegetables","animals","vegetables","vehicles","vehicles","2","mep","English","rif","wug","Female","43","4","3sub","3sub","3sub","one","3bas","one","one","3bas","3bas","2017-01-25T19:42:35Z","30P8I9JKOILS78ZA32WBDVZJY8UV5N","","Submitted","2017-01-25T19:47:32Z",NA,"27"
"28","2017-01-25T20:07:26Z","3H7Z272LX77WRX3TZF8LDC1LDYZPLX","3","3","one","one","1","1","1","2","2","3","2","c3_sub1,c3_bas2,c3_bas1,c3_sub2","c2_sub2,c2_bas1,c2_bas2,c2_sub1","c1_sub1,c1_sub2","c3_sub1,c3_sub2","c2_sub2,c2_sub1","c3_sub1,c3_sub2","c2_sup4,c2_bas1,c2_sub2,c2_sup2,c2_sup3,c2_sub1,c2_sup1,c2_bas2","c3_bas1,c3_sup1,c3_sup4,c3_sup3,c3_sub2,c3_bas2,c3_sub1","c1_sub2,c1_bas1,c1_bas2,c1_sub1","c1_bas2,c1_sup1,c1_sub2,c1_sub1,c1_sup3,c1_sup4,c1_bas1","vehicles","2","4","c1_sub2,c1_sub1,c1_bas2,c1_bas1","NA","no thoughts","c3_sub3-c3_sup6-c3_sup5","c2_sup6-c2_sup5-c2_sub3","c1_sup5-c1_sub3-c1_sup6","c1_sub3-c1_bas4-c1_bas3","c1_sub4-c1_sub5-c1_sub3","c3_sub4-c3_sub5-c3_sub3","c2_sub5-c2_sub4-c2_sub3","one","vegetables","c2_bas4-c2_sub3-c2_bas3","c3_bas3-c3_bas4-c3_sub3","c2_sub1,c2_sub2","animals","rif","tev","4","zom","rab","wug","tob","fep","mep","sib","vehicles","animals","c1_sub3","c2_sub3","c3_sub3","vegetables","animals","vehicles","animals","vehicles","vegetables","vegetables","2","fep","English","sib","mep","","","4","3sub","3sub","3sub","3sup","3bas","3sup","3sup","3bas","3bas","2017-01-25T19:52:59Z","30P8I9JKOILS78ZA32WBDVZJY8UV5N","","Approved","2017-01-25T19:57:26Z","2017-01-25T20:08:07Z","28"
"29","2017-01-25T19:58:05Z","3HPZF4IVNMTXX71ODPB5NK4ANUOYCK","3","3","one","one","1","1","1","2","2","3","2","c2_sup3,c2_sub2,c2_bas1,c2_sub1,c2_bas2,c2_sup2,c2_sup1,c2_sup4","c1_sup3,c1_bas1,c1_sub1,c1_sup1,c1_sup2,c1_sub2,c1_sup4,c1_bas2","c3_sub2,c3_sub1","c3_sub1,c3_sub2","c2_sub1,c2_sub2","c1_sub1,c1_sub2","c2_sub2,c2_sub1,c2_sup2,c2_sup3,c2_sup1,c2_bas2,c2_bas1,c2_sup4","c3_sub2,c3_bas1,c3_sub1,c3_bas2","c3_bas2,c3_sub1,c3_bas1,c3_sub2,c3_sup3,c3_sup1,c3_sup2,c3_sup4","c1_bas2,c1_sub2,c1_sub1,c1_bas1","vegetables","3","4","c2_sub2,c2_sub1","NA","","c3_bas4-c3_sub3-c3_bas3","c2_bas3-c2_sub3-c2_bas4","c1_bas3-c1_bas4-c1_sub3","c3_sup5-c3_sub3-c3_sup6","c3_sub4-c3_sub5-c3_sub3","c1_sub5-c1_sub3-c1_sub4","c2_sub3-c2_sub4-c2_sub5","one","vehicles","c1_sup6-c1_sup5-c1_sub3","c2_sup5-c2_sup6-c2_sub3","c1_sub2,c1_sub1","animals","rab","rif","4","wug","tob","sib","zom","fep","mep","tev","vegetables","vehicles","c2_sub3","c1_sub3","c3_sub3","animals","vegetables","vehicles","animals","vehicles","vegetables","animals","1","tev","English","mep","fep","","","4","3sub","3sub","3sub","3bas","3sup","3bas","3bas","3sup","3sup","2017-01-25T19:42:35Z","30P8I9JKOILS78ZA32WBDVZJY8UV5N","","Submitted","2017-01-25T19:48:05Z",NA,"29"
"30","2017-01-25T20:03:03Z","3HWRJOOET52FYJ9TAAPBVMGCRL5SET","3","3","3bas","3bas","1","1","1","2","2","3","2","c3_sub1,c3_sub2","c1_sub2,c1_sub1","c3_sub1,c3_sub2","c1_sub2,c1_bas1,c1_sub1,c1_bas2","c1_sub1,c1_sub2","c2_sub2,c2_sub1","c2_sup4,c2_bas1,c2_sup1,c2_bas2,c2_sub1,c2_sup2,c2_sup3,c2_sub2","c1_sub1,c1_sup2,c1_sub2,c1_bas2,c1_sup1,c1_sup4,c1_sup3,c1_bas1","c2_sub2,c2_sub1","c3_bas2,c3_sup2,c3_bas1,c3_sub1,c3_sup3,c3_sup4,c3_sup1,c3_sub2","animals","3","4","c2_bas2,c2_sub1,c2_bas1","Yes","","c1_sub3-c1_sup6-c1_sup5","c2_sup6-c2_sub3-c2_sup5","c3_sub3-c3_sup5-c3_sup6","c2_sub3","c3_sub4-c3_sub5-c3_sub3","c2_sub3-c2_sub5-c2_sub4","c1_sub5-c1_sub4-c1_sub3","3bas","vehicles","c1_sub3","c3_sub3","c3_bas2,c3_bas1,c3_sub1,c3_sub2","vegetables","mep","tob","4","tev","rif","zom","fep","tob","fep","mep","vegetables","animals","c2_bas4-c2_bas3-c2_sub3","c3_bas4-c3_sub3-c3_bas3","c1_bas3-c1_sub3-c1_bas4","animals","vehicles","vegetables","vegetables","vehicles","animals","vehicles","2","sib","English","wug","rab","Female","36","4","3sub","3sub","3sub","3sup","one","3sup","3sup","one","one","2017-01-25T19:46:56Z","30P8I9JKOILS78ZA32WBDVZJY8UV5N","","Submitted","2017-01-25T19:53:03Z",NA,"30"
"31","2017-01-25T19:55:31Z","3KV0LJBBH2L19S1TCJDPIKGPELDMRO","3","3","3sup","3sup","1","1","1","2","2","3","2","c3_sub2,c3_sub1","c2_sub2","c3_sub2,c3_sub1","c3_sup1,c3_bas2,c3_sup3,c3_bas1,c3_sub1,c3_sub2,c3_sup2,c3_sup4","c2_sub2,c2_sub1","c1_sub2,c1_sub1","c3_bas2,c3_bas1,c3_sub2,c3_sub1","c2_bas1,c2_sub1,c2_bas2,c2_sub2","c1_sub1,c1_sub2","c1_sub1,c1_sub2,c1_bas2,c1_bas1","vegetables","3","4","c2_sup4,c2_sub2,c2_sup2,c2_sup3,c2_bas2,c2_sub1,c2_bas1,c2_sup1","Yes","","c2_bas4-c2_bas3-c2_sub3","c3_sub3-c3_bas3-c3_bas4","c1_bas4-c1_sub3-c1_bas3","c1_sub3","c3_sub5-c3_sub3-c3_sub4","c1_sub3-c1_sub5-c1_sub4","c2_sub4-c2_sub3-c2_sub5","3sup","vehicles","c2_sub3","c3_sub3","c1_sub2,c1_sup4,c1_sup2,c1_bas2,c1_sup3,c1_sub1,c1_bas1,c1_sup1","animals","rab","sib","4","wug","fep","mep","tob","sib","tob","rab","vehicles","animals","c2_sub3-c2_sup6-c2_sup5","c1_sup6-c1_sup5-c1_sub3","c3_sup6-c3_sup5-c3_sub3","animals","vegetables","vehicles","vehicles","animals","vegetables","vegetables","2","zom","English","tev","rif","Male","23","4","3sub","3sub","3sub","3bas","one","3bas","3bas","one","one","2017-01-25T19:42:49Z","30P8I9JKOILS78ZA32WBDVZJY8UV5N","","Submitted","2017-01-25T19:45:31Z",NA,"31"
"32","2017-01-25T19:57:20Z","3L4PIM1GQTG139Q7VM10CF3WNVRRYJ","3","3","3sup","3sup","1","1","1","2","2","3","2","c1_bas1,c1_sub1,c1_bas2,c1_sub2","c3_bas1,c3_sub2,c3_bas2,c3_sub1","c1_sub2","c3_bas1,c3_sup3,c3_sub1,c3_sup2,c3_sup4,c3_sup1,c3_bas2,c3_sub2","c3_sub2,c3_sub1","c1_sub1,c1_sub2","c3_sub1,c3_sub2","c2_sub1,c2_sub2","c2_sub2,c2_bas2,c2_bas1,c2_sub1","c1_sub1,c1_sub2","vegetables","3","4","c2_sup1,c2_bas1,c2_sup3,c2_sub2,c2_sub1,c2_sup2,c2_sup4","NA","","c2_sub3","c3_sub3","c1_sub3","c2_bas3-c2_sub3-c2_bas4","c1_sub5-c1_sub3-c1_sub4","c2_sub3-c2_sub5-c2_sub4","c3_sub4-c3_sub3-c3_sub5","3sup","vehicles","c3_bas3-c3_bas4-c3_sub3","c1_bas4-c1_bas3-c1_sub3","c1_sub2,c1_sup1,c1_bas1,c1_bas2,c1_sub1,c1_sup4,c1_sup3,c1_sup2","animals","rab","sib","4","zom","rif","wug","mep","wug","zom","rif","animals","vegetables","c2_sup5-c2_sup6-c2_sub3","c1_sup6-c1_sup5-c1_sub3","c3_sup6-c3_sub3-c3_sup5","vegetables","vehicles","animals","vehicles","animals","vegetables","vehicles","1","tob","English ","fep","tev","","","4","3sub","3sub","3sub","one","3bas","one","one","3bas","3bas","2017-01-25T19:41:55Z","30P8I9JKOILS78ZA32WBDVZJY8UV5N","","Submitted","2017-01-25T19:47:20Z",NA,"32"
"33","2017-01-25T20:36:02Z","3LRLIPTPEQ9EKNF9PWEN8HZBPCUKA9","3","3","one","one","1","1","1","2","2","3","2","c2_sup1,c2_bas2,c2_sup3,c2_sup4,c2_sub2,c2_sub1,c2_bas1,c2_sup2","c3_bas2,c3_sup3,c3_bas1,c3_sup1,c3_sup2,c3_sup4,c3_sub2,c3_sub1","c3_sub2,c3_sub1","c2_sub2,c2_sub1","c1_sub1,c1_sub2","c2_sub2,c2_sub1","c2_bas1,c2_bas2,c2_sub2,c2_sub1","c1_sub1,c1_bas2,c1_bas1,c1_sub2","c1_bas2,c1_sub2,c1_sup1,c1_sup4,c1_sup3,c1_sup2,c1_bas1,c1_sub1","c3_bas2,c3_sub1,c3_sub2,c3_bas1","vegetables","3","4","c3_sub2,c3_sub1","Yes","The first time I started the HIT, it had started a little bit down the screen, asking me to pick the certain objects. I didn't know what I was supposed to pick. I opened a new tab and restarted the HIT. Once it started, it started in the middle of the page again. This time I realized it had auto-scrolled down the page, and the objects described were listed at the top.  Just a random little glitch.","c1_bas4-c1_sub3-c1_bas3","c2_bas3-c2_sub3-c2_bas4","c3_bas3-c3_sub3-c3_bas4","c1_sup5-c1_sub3-c1_sup6","c3_sub5-c3_sub3-c3_sub4","c2_sub4-c2_sub3-c2_sub5","c1_sub4-c1_sub3-c1_sub5","one","animals","c3_sup5-c3_sup6-c3_sub3","c2_sup6-c2_sub3-c2_sup5","c1_sub1,c1_sub2","vehicles","tev","fep","4","rab","rif","mep","sib","wug","zom","tob","animals","vehicles","c3_sub3","c1_sub3","c2_sub3","animals","vehicles","vegetables","vegetables","vehicles","animals","vegetables","2","wug","English","tob","zom","Female","33","4","3sub","3sub","3sub","3bas","3sup","3bas","3bas","3sup","3sup","2017-01-25T19:41:42Z","30P8I9JKOILS78ZA32WBDVZJY8UV5N","","Submitted","2017-01-25T20:26:02Z",NA,"33"
"34","2017-01-25T20:30:26Z","3LYA37P8IQNJ3XK1VAEJ3SJH7UFKB4","3","3","3sup","3sup","1","1","1","2","2","3","2","c1_sub1,c1_bas1,c1_sub2,c1_bas2","c2_bas1,c2_bas2,c2_sub2,c2_sub1","c3_sub1,c3_sub2,c3_bas1,c3_bas2","c2_sub2,c2_sup4,c2_bas2,c2_bas1,c2_sub1,c2_sup2,c2_sup1,c2_sup3","c2_bas1,c2_bas2,c2_sub2,c2_sub1","c1_sub2,c1_sub1,c1_bas2,c1_bas1","c1_sub1,c1_bas1,c1_bas2,c1_sub2","c2_sub1,c2_bas2,c2_sub2,c2_bas1","c3_sub2,c3_bas1,c3_bas2,c3_sub1","c3_bas2,c3_sub1,c3_sub2,c3_bas1","animals","2","4","c1_bas2,c1_sup1,c1_sup2,c1_sub2,c1_sup4,c1_sup3,c1_bas1,c1_sub1","Yes","","c2_sub3","c1_sub3","c3_sub3","c3_sub3-c3_bas4-c3_bas3","c3_sub3-c3_sub4-c3_sub5","c1_sub5-c1_sub4-c1_sub3","c2_sub3-c2_sub5-c2_sub4","3sup","vegetables","c2_bas3-c2_bas4-c2_sub3","c1_sub3-c1_bas4-c1_bas3","c3_sup3,c3_bas2,c3_sub1,c3_bas1,c3_sub2,c3_sup1,c3_sup2,c3_sup4","vehicles","rab","mep","4","tev","zom","rif","fep","rif","zom","tev","vehicles","vegetables","c1_sub3-c1_sup5-c1_sup6","c3_sup6-c3_sub3-c3_sup5","c2_sub3-c2_sup5-c2_sup6","animals","vegetables","vehicles","vehicles","vegetables","animals","animals","2","tob","English","sib","wug","Female","38","4","3sub","3sub","3sub","one","3bas","one","one","3bas","3bas","2017-01-25T19:41:53Z","30P8I9JKOILS78ZA32WBDVZJY8UV5N","","Approved","2017-01-25T20:20:26Z","2017-01-25T20:31:07Z","34"
"35","2017-01-25T19:54:38Z","3N2BF7Y2VQUOKYNQGE1V4GEJRCFHMM","3","3","3sup","3sup","1","1","1","2","2","3","2","c2_sub1,c2_bas1,c2_bas2,c2_sub2","c3_sub2,c3_bas2,c3_bas1","c1_sub1,c1_sub2","c1_bas2,c1_sub1,c1_sup2,c1_sub2,c1_bas1,c1_sup3,c1_sup1,c1_sup4","c3_sub2,c3_sub1","c2_sub1,c2_sub2","c2_sub1","c3_sub2,c3_sub1","c1_sub1,c1_bas1,c1_sub2,c1_bas2","c1_sub2,c1_sub1","animals","1","4","c2_sub1,c2_bas1,c2_bas2,c2_sub2,c2_sup2,c2_sup1,c2_sup3","Yes","","c3_sub3","c2_sub3","c1_sub3","c1_bas3-c1_sub3-c1_bas4","c1_sub3-c1_sub4-c1_sub5","c2_sub5-c2_sub4-c2_sub3","c3_sub5-c3_sub3-c3_sub4","3sup","vehicles","c3_sub3-c3_bas4-c3_bas3","c2_bas4-c2_sub3-c2_bas3","c3_sub2,c3_sup2,c3_sup4,c3_sup3,c3_sup1,c3_sub1,c3_bas1,c3_bas2","vegetables","rab","fep","4","mep","rif","zom","wug","zom","rif","mep","animals","vehicles","c2_sup5-c2_sup6-c2_sub3","c3_sub3-c3_sup5-c3_sup6","c1_sup5-c1_sub3-c1_sup6","vegetables","vehicles","animals","animals","vehicles","vegetables","vegetables","2","tob","English","sib","tev","Female","37","4","3sub","3sub","3sub","one","3bas","one","one","3bas","3bas","2017-01-25T19:41:25Z","30P8I9JKOILS78ZA32WBDVZJY8UV5N","","Approved","2017-01-25T19:44:38Z","2017-01-25T19:55:07Z","35"
"36","2017-01-25T20:09:36Z","3O6CYIULED1PUWNOKFEHWT50JMVUWR","3","3","3bas","3bas","1","1","1","2","2","3","2","c1_sub1,c1_sub2","c3_sub2,c3_sub1","c2_sub1,c2_sub2,c2_bas2,c2_bas1","c2_sub2,c2_sub1,c2_bas2,c2_bas1","c1_sub1,c1_sub2","c3_sub2,c3_sub1","c3_sup1,c3_bas2,c3_sup2,c3_bas1,c3_sup3,c3_sup4,c3_sub2,c3_sub1","c1_bas1,c1_sub1,c1_sub2,c1_sup1,c1_sup3,c1_bas2,c1_sup4,c1_sup2","c2_sub2,c2_bas2,c2_sub1,c2_bas1","c2_sup4,c2_sup3,c2_sub1,c2_bas2,c2_bas1,c2_sup1,c2_sup2,c2_sub2","vegetables","4","4","c3_sub2,c3_sub1,c3_bas1,c3_bas2","Yes","","c1_sub3-c1_sup6-c1_sup5","c3_sup5-c3_sup6-c3_sub3","c2_sup6-c2_sup5-c2_sub3","c2_sub3","c2_sub3-c2_sub4-c2_sub5","c3_sub3-c3_sub4-c3_sub5","c1_sub5-c1_sub3-c1_sub4","3bas","animals","c3_sub3","c1_sub3","c1_bas1,c1_sub2,c1_bas2,c1_sub1","vehicles","fep","rab","4","sib","mep","tob","zom","zom","fep","rab","animals","vegetables","c3_bas3-c3_bas4-c3_sub3","c1_sub3-c1_bas4-c1_bas3","c2_sub3-c2_bas3-c2_bas4","vehicles","animals","vegetables","vegetables","animals","vehicles","vehicles","2","rif","English","wug","tev","Male","50","4","3sub","3sub","3sub","3sup","one","3sup","3sup","one","one","2017-01-25T19:41:28Z","30P8I9JKOILS78ZA32WBDVZJY8UV5N","","Approved","2017-01-25T19:59:36Z","2017-01-25T20:10:07Z","36"
"37","2017-01-25T19:57:00Z","3QXNC7EIPIVY2EY0TXQ5T29I5W7095","3","3","3bas","3bas","1","1","1","2","2","3","2","c3_sub2,c3_sub1","c1_sub2,c1_sub1","c1_sub2,c1_sub1","c2_sub1,c2_sub2,c2_bas2,c2_bas1","c3_sub1,c3_sub2","c2_sub2,c2_sub1","c1_sub1,c1_sub2","c3_sub1,c3_bas1,c3_sub2,c3_bas2","c2_sub1,c2_sub2","c2_bas1,c2_sub1,c2_sup2,c2_sup1,c2_bas2,c2_sup4,c2_sub2","animals","3","4","c1_sub1,c1_bas1,c1_bas2,c1_sub2","Yes","Interesting experiment!","c3_sup6-c3_sup5-c3_sub3","c1_sub3-c1_sup6-c1_sup5","c2_sub3-c2_sup6-c2_sup5","c2_sub3","c1_sub5-c1_sub4-c1_sub3","c2_sub3-c2_sub4-c2_sub5","c3_sub5-c3_sub3-c3_sub4","3bas","vegetables","c1_sub3","c3_sub3","c3_sub1,c3_bas1,c3_sub2,c3_bas2","vehicles","rif","sib","4","tob","tev","zom","fep","rif","fep","sib","vegetables","animals","c1_sub3-c1_bas3-c1_bas4","c3_bas4-c3_sub3-c3_bas3","c2_bas4-c2_sub3-c2_bas3","vegetables","vehicles","animals","animals","vegetables","vehicles","vehicles","2","wug","English","mep","rab","Female","40","4","3sub","3sub","3sub","3sup","one","3sup","3sup","one","one","2017-01-25T19:42:49Z","30P8I9JKOILS78ZA32WBDVZJY8UV5N","","Submitted","2017-01-25T19:47:00Z",NA,"37"
"38","2017-01-25T19:57:56Z","3SKEMFQBZ3501ZMUSYU9CQTGZOUK85","3","3","3bas","3bas","1","1","1","2","2","3","2","c1_bas1,c1_sup1,c1_bas2,c1_sub1,c1_sup3,c1_sub2,c1_sup4","c3_sup1,c3_bas2,c3_sup3,c3_sub1,c3_bas1,c3_sup4,c3_sub2,c3_sup2","c3_sub2,c3_sub1","c2_bas2,c2_bas1,c2_sub1,c2_sub2","c1_sub1,c1_sub2","c2_sub2,c2_sub1","c2_sub1,c2_sub2","c3_sub1,c3_sub2","c2_sub1,c2_bas2,c2_sup3,c2_sup2,c2_sub2,c2_bas1,c2_sup4,c2_sup1","c1_sub1,c1_sub2","vegetables","2","4","c3_bas2,c3_sub1,c3_bas1,c3_sub2","Yes","Great experiment!","c3_sub3","c2_sub3","c1_sub3","c2_sup5-c2_sub3-c2_sup6","c3_sub4-c3_sub3-c3_sub5","c2_sub4-c2_sub5-c2_sub3","c1_sub4-c1_sub3-c1_sub5","3bas","animals","c3_sup5-c3_sub3-c3_sup6","c1_sup5-c1_sup6-c1_sub3","c1_sub2,c1_bas1,c1_bas2,c1_sub1","vehicles","rab","zom","4","mep","wug","tob","fep","mep","wug","tob","animals","vegetables","c3_bas3-c3_sub3-c3_bas4","c1_bas4-c1_sub3-c1_bas3","c2_sub3-c2_bas4-c2_bas3","animals","vehicles","vegetables","animals","vehicles","vegetables","vehicles","2","sib","English","rif","tev","Male","28","4","3sub","3sub","3sub","one","3sup","one","one","3sup","3sup","2017-01-25T19:41:27Z","30P8I9JKOILS78ZA32WBDVZJY8UV5N","","Submitted","2017-01-25T19:47:56Z",NA,"38"
"39","2017-01-25T19:57:26Z","3TEM0PF1Q5XA54BH5DV7FYS8WHM0DM","3","3","3bas","3bas","1","1","1","2","2","3","2","c1_sub1,c1_sub2","c3_sub2,c3_sub1","c1_sub2,c1_sub1","c3_sub2,c3_sub1","c3_sub2,c3_sub1","c2_sub2,c2_sub1","c3_sub1,c3_sub2","c1_sub1,c1_sub2","c2_sub2,c2_sub1","c2_sub2","vegetables","2","4","c2_sub2,c2_sub1,c2_bas1,c2_bas2","Yes","Thank you!","c1_sub3-c1_sup6-c1_sup5","c3_sup5-c3_sup6-c3_sub3","c2_sup5-c2_sup6-c2_sub3","c2_sub3","c1_sub5-c1_sub3-c1_sub4","c2_sub3-c2_sub5-c2_sub4","c3_sub5-c3_sub4-c3_sub3","3bas","vehicles","c3_sub3","c1_sub3","c1_sub1,c1_sub2,c1_bas1,c1_bas2","animals","rif","wug","4","mep","tob","rab","sib","wug","sib","rif","animals","vegetables","c2_bas3-c2_sub3-c2_bas4","c1_bas3-c1_sub3-c1_bas4","c3_bas3-c3_sub3-c3_bas4","vegetables","vehicles","animals","vegetables","animals","vehicles","vehicles","2","zom","English","fep","tev","Male","45","4","3sub","3sub","3sub","3sup","one","3sup","3sup","one","one","2017-01-25T19:43:35Z","30P8I9JKOILS78ZA32WBDVZJY8UV5N","","Submitted","2017-01-25T19:47:26Z",NA,"39"
"40","2017-01-25T19:56:10Z","3UJ1CZ6IZHPF20G0Z9W8RSAZES6S5S","3","3","one","one","1","1","1","2","2","3","2","c3_sup2,c3_sup3,c3_sub1,c3_bas2,c3_sup4,c3_sub2,c3_bas1,c3_sup1","c1_sub2,c1_bas1,c1_sup3,c1_bas2,c1_sup1,c1_sup4,c1_sup2,c1_sub1","c1_bas2,c1_sub1,c1_sub2","c2_sub1,c2_sub2","c2_sub1,c2_sub2","c3_sub2,c3_sub1","c3_bas2,c3_sub2,c3_bas1,c3_sub1","c1_bas1,c1_sub1,c1_sub2,c1_bas2","c2_sup2,c2_sup3,c2_sub1,c2_sub2,c2_sup1,c2_bas1,c2_sup4,c2_bas2","c2_sub1,c2_sub2,c2_bas2,c2_bas1","vegetables","1","4","c3_sub1,c3_sub2","Yes","","c1_sub3-c1_bas4-c1_bas3","c3_bas4-c3_bas3-c3_sub3","c2_sub3-c2_bas4-c2_bas3","c2_sup5-c2_sup6-c2_sub3","c1_sub5-c1_sub4-c1_sub3","c3_sub3-c3_sub4-c3_sub5","c2_sub3-c2_sub4-c2_sub5","one","animals","c1_sup6-c1_sub3-c1_sup5","c3_sup5-c3_sub3-c3_sup6","c1_sub1,c1_sub2","vehicles","rab","zom","4","tev","wug","rif","tob","sib","fep","mep","vegetables","animals","c3_sub3","c1_sub3","c2_sub3","vegetables","animals","vehicles","vegetables","animals","vehicles","vehicles","1","fep","English","sib","mep","Female","38","4","3sub","3sub","3sub","3bas","3sup","3bas","3bas","3sup","3sup","2017-01-25T19:42:41Z","30P8I9JKOILS78ZA32WBDVZJY8UV5N","","Submitted","2017-01-25T19:46:10Z",NA,"40"
"41","2017-01-25T19:56:30Z","3UOUJI6MTDE4JWSEUKA3YCJ7SO1UXK","3","3","3sup","3sup","1","1","1","2","2","3","2","c2_bas1,c2_sub2,c2_sub1,c2_bas2","c3_sub1,c3_bas1,c3_sub2,c3_bas2","c3_sub1,c3_sub2","c3_bas1,c3_sup1,c3_sup4,c3_sub2,c3_sup3,c3_bas2,c3_sub1,c3_sup2","c1_sub2,c1_sub1","c2_sub1,c2_sub2","c1_sub2,c1_sub1","c3_sub2,c3_sub1","c1_sub1,c1_sub2,c1_bas1,c1_bas2","c2_sub2,c2_sub1","vehicles","0","4","c1_sub1,c1_sup3,c1_sup2,c1_bas2,c1_bas1,c1_sup4,c1_sub2,c1_sup1","Yes","interesting","c3_sub3","c1_sub3","c2_sub3","c1_bas4-c1_bas3-c1_sub3","c3_sub5-c3_sub3-c3_sub4","c2_sub4-c2_sub5-c2_sub3","c1_sub5-c1_sub3-c1_sub4","3sup","vegetables","c3_bas4-c3_bas3-c3_sub3","c2_sub3-c2_bas3-c2_bas4","c2_sup1,c2_sub1,c2_sub2,c2_bas1,c2_bas2,c2_sup2,c2_sup4","animals","tob","tev","4","wug","zom","mep","rab","wug","mep","zom","animals","vehicles","c1_sup6-c1_sup5-c1_sub3","c2_sup5-c2_sup6-c2_sub3","c3_sub3-c3_sup6-c3_sup5","animals","vehicles","vegetables","animals","vegetables","vehicles","vegetables","2","sib","English","fep","rif","Female","47","4","3sub","3sub","3sub","one","3bas","one","one","3bas","3bas","2017-01-25T19:41:46Z","30P8I9JKOILS78ZA32WBDVZJY8UV5N","","Submitted","2017-01-25T19:46:30Z",NA,"41"
"42","2017-01-25T19:55:47Z","3URFVVM165ITORSTV2YOVXZI0OZUZH","3","3","3sup","3sup","1","1","1","2","2","3","2","c1_sub2,c1_bas1,c1_bas2,c1_sub1","c2_sub1,c2_bas1,c2_sub2,c2_bas2","c1_sub1,c1_sub2","c1_sub2,c1_bas2,c1_bas1,c1_sup3,c1_sup1,c1_sup4,c1_sub1,c1_sup2","c2_sub2,c2_sub1","c3_sub2,c3_sub1","c2_sub1,c2_sub2","c3_sub2,c3_sub1","c3_bas2,c3_bas1,c3_sub1,c3_sub2","c1_sub2,c1_sub1","vehicles","2","4","c3_sup1,c3_bas1,c3_sup2,c3_bas2,c3_sup3,c3_sub2,c3_sub1,c3_sup4","Yes","Thank you, this was fun!","c3_sub3","c2_sub3","c1_sub3","c3_bas4-c3_bas3-c3_sub3","c1_sub5-c1_sub4-c1_sub3","c3_sub5-c3_sub3-c3_sub4","c2_sub3-c2_sub5-c2_sub4","3sup","animals","c2_bas3-c2_sub3-c2_bas4","c1_sub3-c1_bas4-c1_bas3","c2_sub1,c2_sub2,c2_bas2,c2_bas1","vegetables","sib","rif","4","zom","rab","mep","tev","mep","zom","rab","vehicles","vegetables","c3_sup5-c3_sub3-c3_sup6","c2_sub3-c2_sup6-c2_sup5","c1_sub3-c1_sup5-c1_sup6","vegetables","animals","vehicles","animals","vehicles","vegetables","animals","2","fep","English","wug","tob","Female","43","4","3sub","3sub","3sub","one","3bas","one","one","3bas","3bas","2017-01-25T19:41:56Z","30P8I9JKOILS78ZA32WBDVZJY8UV5N","","Submitted","2017-01-25T19:45:47Z",NA,"42"
"43","2017-01-25T19:56:09Z","3V0Z7YWSIY03VVEHBLZF48RUTM9V2Z","3","3","3bas","3bas","1","1","1","2","2","3","2","c1_sup4,c1_sub2,c1_sup3,c1_sub1,c1_bas2,c1_bas1,c1_sup1","c2_sup3,c2_bas2,c2_sub2,c2_sup1,c2_bas1,c2_sup4,c2_sub1","c2_sub1,c2_sub2","c3_sub1,c3_bas2,c3_bas1,c3_sub2","c3_sub2,c3_sub1","c1_sub1,c1_sub2","c2_bas2,c2_sub1,c2_bas1,c2_sub2","c1_bas1,c1_bas2,c1_sub1,c1_sub2","c3_bas2,c3_bas1,c3_sup2,c3_sup1,c3_sup4,c3_sub2,c3_sub1,c3_sup3","c3_sub2,c3_sub1,c3_bas2,c3_bas1","vegetables","2","4","c2_bas1,c2_sub1,c2_sub2,c2_bas2","NA","good pay for the time. Thanks!","c1_sub3","c2_sub3","c3_sub3","c3_sup6-c3_sup5-c3_sub3","c2_sub5-c2_sub3-c2_sub4","c1_sub3-c1_sub4-c1_sub5","c3_sub4-c3_sub5-c3_sub3","3bas","vehicles","c2_sub3-c2_sup5-c2_sup6","c1_sub3-c1_sup6-c1_sup5","c1_sub2,c1_bas1,c1_sub1,c1_bas2","animals","tob","zom","4","sib","rab","wug","tev","rab","sib","wug","vehicles","vegetables","c2_sub3-c2_bas4-c2_bas3","c1_bas4-c1_bas3-c1_sub3","c3_sub3-c3_bas3-c3_bas4","vehicles","vegetables","animals","vegetables","vehicles","animals","animals","2","rif","English","fep","mep","","","4","3sub","3sub","3sub","one","3sup","one","one","3sup","3sup","2017-01-25T19:42:23Z","30P8I9JKOILS78ZA32WBDVZJY8UV5N","","Submitted","2017-01-25T19:46:09Z",NA,"43"
"44","2017-01-25T19:55:53Z","3WS1NTTKEYC73OPDWJQX3YVT8U20FX","3","3","3bas","3bas","1","1","1","2","2","3","2","c3_bas1,c3_sup2,c3_sub2,c3_sup3,c3_sup1,c3_sup4,c3_bas2,c3_sub1","c1_sup2,c1_sub1,c1_sup3,c1_sup4,c1_sup1,c1_sub2,c1_bas1,c1_bas2","c3_sub1,c3_sub2","c2_sub1,c2_bas2,c2_sub2","c1_sub1,c1_sub2","c2_sub1,c2_sub2","c3_sub2,c3_sub1","c2_sub1,c2_sub2","c2_sub1,c2_sup3,c2_sup1,c2_bas2,c2_bas1,c2_sup2,c2_sub2,c2_sup4","c1_sub1,c1_sub2","vegetables","4","4","c3_bas1,c3_sub1,c3_bas2,c3_sub2","NA","","c2_sub3","c3_sub3","c1_sub3","c2_sub3-c2_sup6-c2_sup5","c3_sub3-c3_sub5-c3_sub4","c2_sub4-c2_sub5-c2_sub3","c1_sub3-c1_sub4-c1_sub5","3bas","animals","c1_sup5-c1_sup6-c1_sub3","c3_sup5-c3_sup6-c3_sub3","c1_sub1,c1_sub2,c1_bas2,c1_bas1","vehicles","mep","rab","4","sib","tob","fep","zom","tob","sib","fep","vegetables","animals","c3_sub3-c3_bas3-c3_bas4","c1_bas3-c1_bas4-c1_sub3","c2_sub3-c2_bas3-c2_bas4","animals","vehicles","vegetables","vehicles","animals","vegetables","vehicles","2","rif","English","wug","tev","","","4","3sub","3sub","3sub","one","3sup","one","one","3sup","3sup","2017-01-25T19:43:58Z","30P8I9JKOILS78ZA32WBDVZJY8UV5N","","Submitted","2017-01-25T19:45:53Z",NA,"44"
"45","2017-01-25T20:17:56Z","3WYGZ5XF3WFIKJ136W0ETHTHBI1SKD","3","3","3sup","3sup","1","1","1","2","2","3","2","c3_sub1,c3_sub2","c1_sub1,c1_sub2","c1_sub1,c1_sub2,c1_bas1,c1_bas2","c2_sup4,c2_sup2,c2_sub2,c2_sub1,c2_bas2,c2_bas1,c2_sup1,c2_sup3","c3_sub2,c3_sub1","c2_sub2,c2_sub1,c2_bas2,c2_bas1","c1_bas1,c1_sub1,c1_sub2,c1_bas2","c3_bas2,c3_sub2,c3_bas1","c2_sub1,c2_sub2","c2_sub2,c2_sub1,c2_bas2,c2_bas1","animals","4","4","c1_bas1,c1_sub1,c1_sup1,c1_sup4,c1_sup3,c1_bas2,c1_sup2,c1_sub2","Yes","interesting study","c3_bas4-c3_sub3-c3_bas3","c1_sub3-c1_bas3-c1_bas4","c2_bas4-c2_sub3-c2_bas3","c2_sub3","c1_sub4-c1_sub5-c1_sub3","c2_sub3-c2_sub5-c2_sub4","c3_sub3-c3_sub4-c3_sub5","3sup","vegetables","c1_sub3","c3_sub3","c3_bas1,c3_sup3,c3_sup2,c3_sup4,c3_sup1,c3_sub1,c3_sub2,c3_bas2","vehicles","rif","mep","4","tob","fep","wug","tev","rif","tev","mep","vegetables","animals","c1_sub3-c1_sup5-c1_sup6","c3_sup6-c3_sup5-c3_sub3","c2_sup6-c2_sub3-c2_sup5","vegetables","vehicles","animals","animals","vegetables","vehicles","vehicles","2","sib","English","zom","rab","Female","26","4","3sub","3sub","3sub","3bas","one","3bas","3bas","one","one","2017-01-25T19:48:27Z","30P8I9JKOILS78ZA32WBDVZJY8UV5N","","Approved","2017-01-25T20:07:56Z","2017-01-25T20:18:07Z","45"
"46","2017-01-25T19:55:13Z","3X73LLYYQ1EU2G8QSFGVHV3JW2PHNM","3","3","one","one","1","1","1","2","2","3","2","c3_sup2,c3_bas1,c3_sub2,c3_sup1,c3_sup4,c3_sub1,c3_bas2,c3_sup3","c1_sub1,c1_bas1,c1_sup3,c1_sup2,c1_sup4,c1_sub2,c1_bas2,c1_sup1","c1_sub2,c1_sub1","c3_sub2,c3_sub1","c3_sub2,c3_sub1","c2_sub2","c2_sub2,c2_sub1,c2_bas2,c2_bas1","c3_bas2,c3_sub1,c3_sup3,c3_bas1,c3_sub2","c2_sub1,c2_sup1,c2_bas2,c2_sub2,c2_bas1","c1_sub2,c1_bas1,c1_bas2,c1_sub1","vehicles","3","4","c1_sub1,c1_sub2","NA","","c3_sub3-c3_bas3-c3_bas4","c2_bas4-c2_sub3-c2_bas3","c1_sub3-c1_bas3-c1_bas4","c2_sup5-c2_sup6-c2_sub3","c1_sub4-c1_sub5-c1_sub3","c2_sub3-c2_sub5-c2_sub4","c3_sub3-c3_sub5-c3_sub4","one","vegetables","c1_sub3-c1_sup5-c1_sup6","c3_sup6-c3_sup5-c3_sub3","c2_sub1,c2_sub2","animals","tev","fep","4","zom","rab","sib","tob","wug","mep","rif","vegetables","animals","c1_sub3","c2_sub3","c3_sub3","vegetables","vehicles","animals","animals","vehicles","vegetables","vehicles","2","wug","English","mep","rif","","","4","3sub","3sub","3sub","3bas","3sup","3bas","3bas","3sup","3sup","2017-01-25T19:42:08Z","30P8I9JKOILS78ZA32WBDVZJY8UV5N","","Submitted","2017-01-25T19:45:13Z",NA,"46"
"47","2017-01-25T19:55:00Z","3YJ6NA41JBGQW7FTWUW8XXOT99UPJV","3","3","one","one","1","1","1","2","2","3","2","c1_bas1,c1_bas2,c1_sub1,c1_sub2","c3_bas1,c3_bas2,c3_sub2,c3_sub1","c1_sub2,c1_sub1,c1_bas1,c1_bas2","c3_sub1,c3_sub2","c2_sub1,c2_sub2","c3_sub2,c3_sub1","c2_bas2,c2_bas1,c2_sub1,c2_sup1,c2_sup4,c2_sup2,c2_sup3,c2_sub2","c3_sub2,c3_bas2,c3_bas1,c3_sup3,c3_sup1,c3_sup2,c3_sub1,c3_sup4","c2_bas1,c2_sub2,c2_bas2,c2_sub1","c1_sup3,c1_sub1,c1_bas1,c1_sup2,c1_sup4,c1_sup1,c1_sub2,c1_bas2","vegetables","3","4","c2_sub2,c2_sub1","NA","","c3_sub3-c3_sup6-c3_sup5","c2_sup5-c2_sup6-c2_sub3","c1_sup5-c1_sup6-c1_sub3","c2_bas3-c2_bas4-c2_sub3","c1_sub3-c1_sub5-c1_sub4","c3_sub4-c3_sub3-c3_sub5","c2_sub3-c2_sub5-c2_sub4","one","vehicles","c3_bas3-c3_bas4-c3_sub3","c1_bas4-c1_bas3-c1_sub3","c1_sub1,c1_sub2","animals","mep","tev","4","fep","zom","sib","rif","wug","tob","rab","animals","vegetables","c2_sub3","c1_sub3","c3_sub3","vegetables","animals","vehicles","animals","vehicles","vegetables","vehicles","1","rab","English","wug","tob","","","4","3sub","3sub","3sub","3sup","3bas","3sup","3sup","3bas","3bas","2017-01-25T19:40:59Z","30P8I9JKOILS78ZA32WBDVZJY8UV5N","","Approved","2017-01-25T19:45:00Z","2017-01-25T19:55:07Z","47"
"48","2017-01-25T19:55:18Z","3Z4AIRP3C6DOAZ1GSW0JNAEAHR41XS","3","3","3sup","3sup","1","1","1","2","2","3","2","c1_sub2,c1_sub1","c2_sub2,c2_sub1","c2_sub2,c2_bas1,c2_sub1","c1_sub2,c1_bas2,c1_sup1,c1_sub1,c1_bas1,c1_sup4,c1_sup3","c3_sub2,c3_bas2,c3_bas1,c3_sub1","c1_bas2,c1_sub2,c1_bas1,c1_sub1","c3_sub2,c3_sub1,c3_bas2,c3_bas1","c1_bas1,c1_sub2,c1_bas2,c1_sub1","c3_sub2,c3_sub1","c2_sub1,c2_bas2,c2_sub2,c2_bas1","animals","2","4","c2_sub2,c2_sub1,c2_sup1,c2_sup4,c2_bas1,c2_bas2,c2_sup2,c2_sup3","Yes","Thank you","c1_bas4-c1_bas3-c1_sub3","c3_sub3-c3_bas3-c3_bas4","c2_bas3-c2_bas4-c2_sub3","c3_sub3","c2_sub3-c2_sub5-c2_sub4","c1_sub4-c1_sub3-c1_sub5","c3_sub5-c3_sub3-c3_sub4","3sup","vehicles","c2_sub3","c1_sub3","c3_bas2,c3_sup3,c3_sub1,c3_sup1,c3_sup4,c3_bas1,c3_sub2,c3_sup2","vegetables","zom","rab","4","tev","sib","fep","wug","zom","rab","wug","vehicles","vegetables","c2_sup6-c2_sup5-c2_sub3","c3_sub3-c3_sup5-c3_sup6","c1_sub3-c1_sup5-c1_sup6","vehicles","vegetables","animals","vegetables","animals","vehicles","animals","2","mep","English","tob","rif","Male","43","4","3sub","3sub","3sub","3bas","one","3bas","3bas","one","one","2017-01-25T19:42:50Z","30P8I9JKOILS78ZA32WBDVZJY8UV5N","","Submitted","2017-01-25T19:45:18Z",NA,"48"
"49","2017-01-25T19:55:52Z","3Z9WI9EOZZOTUANNV2OFP3MF27KKHK","3","3","one","one","1","1","1","2","2","3","2","c2_sub1,c2_sub2,c2_sup1,c2_sup4,c2_bas1,c2_bas2,c2_sup2","c1_sub1,c1_sup3,c1_bas1,c1_sup4,c1_sup2,c1_sup1,c1_sub2","c3_sub1,c3_sub2","c2_sub2,c2_sub1","c2_sub1,c2_sub2","c1_sub2,c1_sub1","c1_sub2,c1_bas1,c1_bas2,c1_sub1","c3_sub2,c3_bas2,c3_bas1,c3_sub1","c3_sub2,c3_bas2,c3_sup1,c3_sub1,c3_sup2,c3_sup3,c3_bas1,c3_sup4","c2_sub2,c2_bas1,c2_bas2,c2_sub1","vegetables","3","4","c3_sub1,c3_sub2","Yes","","c3_bas4-c3_bas3-c3_sub3","c1_bas4-c1_sub3-c1_bas3","c2_bas3-c2_sub3-c2_bas4","c3_sup5-c3_sup6-c3_sub3","c3_sub3-c3_sub4-c3_sub5","c1_sub4-c1_sub3-c1_sub5","c2_sub3-c2_sub4-c2_sub5","one","animals","c1_sub3-c1_sup5-c1_sup6","c2_sup6-c2_sup5-c2_sub3","c1_sub1,c1_sub2","vehicles","wug","sib","4","tob","mep","rif","fep","tev","zom","rab","vegetables","vehicles","c3_sub3","c1_sub3","c2_sub3","animals","vegetables","vehicles","animals","vegetables","vehicles","animals","2","tev","vietnamese","zom","rab","Female","23","4","3sub","3sub","3sub","3bas","3sup","3bas","3bas","3sup","3sup","2017-01-25T19:42:48Z","30P8I9JKOILS78ZA32WBDVZJY8UV5N","","Submitted","2017-01-25T19:45:52Z",NA,"49"
"50","2017-01-25T20:01:16Z","3ZSANO2JCF774X9P5L9HD41C3MKSFB","3","3","one","one","1","1","1","2","2","3","2","c2_sub1,c2_bas2","c3_sub2,c3_sub1","c1_bas2,c1_sub1,c1_sub2,c1_bas1","c3_sub2,c3_sub1","c2_sub1,c2_sub2","c3_sub2,c3_sub1","c1_sub1,c1_sub2,c1_bas1,c1_bas2","c2_sub1,c2_sub2,c2_bas1,c2_bas2","c1_sub2,c1_sub1,c1_bas1,c1_bas2,c1_sup3","c3_sub1,c3_sub2","vegetables","3","4","c2_sub2,c2_sub1","Yes","no comments","c2_sub3-c2_bas4-c2_bas3","c1_sub3-c1_bas3-c1_bas4","c3_sub3-c3_bas3-c3_bas4","c1_sup6-c1_sup5-c1_sub3","c1_sub3-c1_sub4-c1_sub5","c3_sub4-c3_sub5-c3_sub3","c2_sub3-c2_sub4-c2_sub5","one","vehicles","c3_sub3-c3_sup5-c3_sup6","c2_sup5-c2_sup6-c2_sub3","c1_sub1,c1_sub2,c1_bas2,c1_bas1","animals","rab","zom","4","rif","sib","fep","tev","mep","wug","tob","animals","vehicles","c2_sub3","c1_sub3","c3_sub3","vegetables","animals","vehicles","vehicles","vegetables","animals","vegetables","2","tob","English","mep","wug","Male","21","4","3sub","3sub","3sub","3bas","3sup","3bas","3bas","3sup","3sup","2017-01-25T19:46:55Z","30P8I9JKOILS78ZA32WBDVZJY8UV5N","","Submitted","2017-01-25T19:51:16Z",NA,"50"
