"","ApprovalTime","AutoApprovalTime","AssignmentId","trainBlock_T9","trainBlock_T8","condition_T12","condition_T11","trainBlock_T1","trainBlock_T3","trainBlock_T2","trainBlock_T5","trainBlock_T4","trainBlock_T7","trainBlock_T6","selected_T9","selected_T8","selected_T1","selected_T11","selected_T3","selected_T2","selected_T5","selected_T4","selected_T7","selected_T6","category_T10","education","trainBlock_T10","selected_T12","asses","comments","trainPics_T4","trainPics_T5","trainPics_T6","trainPics_T7","trainPics_T1","trainPics_T2","trainPics_T3","condition_T10","category_T12","trainPics_T8","trainPics_T9","selected_T10","category_T11","word_T8","word_T9","trainBlock_T12","word_T4","word_T5","word_T6","word_T7","word_T1","word_T2","word_T3","category_T8","category_T9","trainPics_T12","trainPics_T10","trainPics_T11","category_T1","category_T2","category_T3","category_T4","category_T5","category_T6","category_T7","enjoyment","word_T12","language","word_T10","word_T11","gender","age","trainBlock_T11","condition_T2","condition_T3","condition_T1","condition_T6","condition_T7","condition_T4","condition_T5","condition_T8","condition_T9","AcceptTime","HITId","Assignment","AssignmentStatus","SubmitTime","subids"
"1","2017-01-26T18:39:07Z","2017-01-26T18:38:14Z","30X31N5D63QC86SHU5NPZ3QL679ASK","three","three","three_subordinate","three_subordinate","one","one","one","three","three","three","three","c3_bas1,c3_bas2,c3_sub2,c3_sub1","c2_sub1,c2_bas2,c2_bas1,c2_sub2","c1_sub1,c1_sub2","c2_sub1,c2_sub2","c3_sub2,c3_sub1","c2_sub1,c2_sub2","c1_sub1,c1_sup1,c1_sub2,c1_sup2,c1_sup3,c1_bas2,c1_sup4,c1_bas1","c1_sub1,c1_sub2,c1_bas1,c1_bas2","c2_sub2,c2_sup1,c2_bas2,c2_sup4,c2_bas1,c2_sub1,c2_sup2,c2_sup3","c3_sup2,c3_sup4,c3_bas2,c3_sup3,c3_bas1,c3_sub1,c3_sub2,c3_sup1","vegetables","2","three","c3_sub1,c3_sub2","Yes","","c1_sub3-c1_bas4-c1_bas3","c1_sup6-c1_sup5-c1_sub3","c3_sup6-c3_sup5-c3_sub3","c2_sup6-c2_sup5-c2_sub3","c1_sub3","c2_sub3","c3_sub3","three_subordinate","animals","c2_bas4-c2_sub3-c2_bas3","c3_bas3-c3_bas4-c3_sub3","c1_sub1,c1_sub2","vehicles","sib","nur","three","pag","fep","wug","zom","tob","dit","mep","vehicles","animals","c3_sub5-c3_sub3-c3_sub4","c1_sub5-c1_sub3-c1_sub4","c2_sub5-c2_sub4-c2_sub3","vegetables","vehicles","animals","vegetables","vegetables","animals","vehicles","1","rab","english","rif","tev","Female","34","three","one","one","one","three_superordinate","three_superordinate","three_basic","three_superordinate","three_basic","three_basic","2017-01-26T18:18:28Z","3GONHBMNHVY7OZPQWY20F3N18EXZMO","","Approved","2017-01-26T18:28:14Z","1"
"2","2017-01-26T18:20:07Z","2017-01-26T18:19:48Z","32ZKVD547FND7ZCUA4MKM62FW9V3BG","three","three","three_basic","three_basic","one","one","one","three","three","three","three","c1_bas1,c1_bas2,c1_sub2,c1_sub1","c3_sub2,c3_sub1","c3_sub2,c3_sub1","c3_bas1,c3_sub1,c3_bas2,c3_sub2","c2_sub1,c2_sub2","c1_sub1,c1_sub2","c1_bas1,c1_bas2,c1_sub2,c1_sub1,c1_sup1,c1_sup3,c1_sup4,c1_sup2","c2_sub2,c2_sub1","c1_sub1,c1_sub2,c1_bas2,c1_bas1","c2_sup4,c2_sub1,c2_sub2,c2_bas2,c2_sup1,c2_bas1,c2_sup3","animals","1","three","c2_sub1,c2_sub2,c2_bas2,c2_bas1","Yes","This was really fun and interesting and I -think- I did it correctly but learning a language is also an interesting experience","c2_sub5-c2_sub3-c2_sub4","c1_sub3-c1_sup5-c1_sup6","c2_sup6-c2_sub3-c2_sup5","c1_sub5-c1_sub4-c1_sub3","c3_sub3","c1_sub3","c2_sub3","three_superordinate","vehicles","c3_sub5-c3_sub4-c3_sub3","c1_sub3-c1_bas4-c1_bas3","c3_sub1,c3_bas1,c3_sup3,c3_sub2,c3_sup1,c3_bas2,c3_sup4,c3_sup2","animals","pag","mep","three","rab","sib","zom","tev","nur","tob","dit","animals","vegetables","c2_bas3-c2_sub3-c2_bas4","c3_sub3-c3_sup5-c3_sup6","c3_bas3-c3_sub3-c3_bas4","animals","vegetables","vehicles","vehicles","vegetables","vehicles","vegetables","2","wug","English","fep","rif","Male","32","three","one","one","one","three_superordinate","three_subordinate","three_subordinate","three_superordinate","three_subordinate","three_basic","2017-01-26T17:51:43Z","3GONHBMNHVY7OZPQWY20F3N18EXZMO","","Approved","2017-01-26T18:09:48Z","2"
"3","2017-01-26T17:50:07Z","2017-01-26T17:49:28Z","337RC3OW0529WH0PLRHKJ4Q3ZN1VLR","three","three","three_basic","three_basic","one","one","one","three","three","three","three","c1_sub1,c1_sub2","c3_sub2,c3_sub1","c2_sub2,c2_sub1","c3_bas2,c3_bas1,c3_sub1","c1_sub2,c1_sub1,c1_bas1","c3_sub2,c3_sub1","c2_bas2,c2_sub1,c2_sub2,c2_bas1","c2_sub2,c2_sub1","c3_bas2,c3_bas1,c3_sup2,c3_sup3,c3_sup1,c3_sub1,c3_sub2,c3_sup4","c2_sup1,c2_sup2,c2_sub2,c2_sub1,c2_sup4,c2_bas2,c2_bas1,c2_sup3","vegetables","4","three","c1_sub2,c1_bas2,c1_sub1,c1_bas1","Yes","I thought this was interesting","c2_sub4-c2_sub5-c2_sub3","c2_bas3-c2_bas4-c2_sub3","c2_sup6-c2_sup5-c2_sub3","c3_sup6-c3_sup5-c3_sub3","c2_sub3","c3_sub3","c1_sub3","three_superordinate","vegetables","c3_sub3-c3_sub4-c3_sub5","c1_sub3-c1_sub4-c1_sub5","c1_sup2,c1_bas2,c1_sup4,c1_sub1,c1_sup1,c1_bas1,c1_sub2,c1_sup3","animals","tev","mep","three","fep","dit","pag","sib","wug","tob","rab","animals","vegetables","c1_bas3-c1_sub3-c1_bas4","c1_sub3-c1_sup6-c1_sup5","c3_bas4-c3_sub3-c3_bas3","vehicles","animals","vegetables","vehicles","vehicles","vehicles","animals","1","rif","English","zom","nur","Male","34","three","one","one","one","three_superordinate","three_superordinate","three_subordinate","three_basic","three_subordinate","three_subordinate","2017-01-26T17:35:48Z","3GONHBMNHVY7OZPQWY20F3N18EXZMO","","Approved","2017-01-26T17:39:28Z","3"
"4","2017-01-26T18:35:07Z","2017-01-26T18:34:59Z","33CID57104TPK8Y61HBE09YK838L3K","three","three","three_subordinate","three_basic","one","one","one","three","three","three","three","c2_sub2,c2_sub1","c1_sub2,c1_sub1","c3_sub2,c3_sub1","c1_sub2,c1_sub1","c1_sub2,c1_sub1","c2_sub1,c2_sub2","c2_sub1,c2_sub2","c3_sub2,c3_sub1","c3_sub2,c3_sub1","c1_sub1","vehicles","3","three","c3_sub1,c3_sub2","NA","","c3_sub3-c3_bas4-c3_bas3","c2_sub3-c2_sup6-c2_sup5","c1_sub3-c1_sup6-c1_sup5","c3_sup6-c3_sub3-c3_sup5","c3_sub3","c2_sub3","c1_sub3","three_basic","animals","c1_sub5-c1_sub4-c1_sub3","c2_sub5-c2_sub4-c2_sub3","c2_sub2,c2_sub1,c2_bas1,c2_bas2","vegetables","mep","tev","three","rab","tob","wug","rif","zom","sib","nur","vegetables","vehicles","c3_sub5-c3_sub4-c3_sub3","c2_bas4-c2_bas3-c2_sub3","c1_sub3-c1_bas4-c1_bas3","animals","vehicles","vegetables","animals","vehicles","vegetables","animals","2","fep","English","pag","dit","","","three","one","one","one","three_superordinate","three_superordinate","three_basic","three_superordinate","three_subordinate","three_subordinate","2017-01-26T18:20:31Z","3GONHBMNHVY7OZPQWY20F3N18EXZMO","","Approved","2017-01-26T18:24:59Z","4"
"5","2017-01-26T17:55:07Z","2017-01-26T17:54:56Z","33L7PJKHCGYZ4ICHM781DHGCI2MT8N","three","three","three_superordinate","three_basic","one","one","one","three","three","three","three","c3_sub2,c3_sub1","c2_sub1,c2_sub2","c2_sub2,c2_sub1","c3_sub1,c3_sub2,c3_bas1,c3_bas2","c3_sub1,c3_bas2,c3_sub2,c3_bas1","c1_sub2,c1_bas2,c1_sub1,c1_bas1","c3_sup1,c3_sup2,c3_bas2,c3_bas1,c3_sub2,c3_sup3,c3_sub1,c3_sup4","c2_bas1,c2_sub1,c2_bas2,c2_sub2","c1_sub1,c1_sub2","c1_sub2,c1_sub1,c1_bas2,c1_bas1","vehicles","4","three","c1_sup3,c1_bas2,c1_bas1,c1_sup4,c1_sup2,c1_sub2,c1_sub1,c1_sup1","Yes","","c2_bas3-c2_sub3-c2_bas4","c3_sup6-c3_sub3-c3_sup5","c1_bas4-c1_bas3-c1_sub3","c1_sub4-c1_sub5-c1_sub3","c2_sub3","c1_sub3","c3_sub3","three_superordinate","vegetables","c2_sub5-c2_sub3-c2_sub4","c3_sub5-c3_sub3-c3_sub4","c2_sup3,c2_bas1,c2_sub1,c2_bas2,c2_sup1,c2_sup2,c2_sup4,c2_sub2","animals","mep","rif","three","rab","pag","fep","nur","dit","zom","sib","vehicles","animals","c1_sup6-c1_sub3-c1_sup5","c2_sup5-c2_sup6-c2_sub3","c3_bas3-c3_bas4-c3_sub3","vehicles","vegetables","animals","vehicles","animals","vegetables","vegetables","2","wug","English","tob","tev","Female","27","three","one","one","one","three_basic","three_subordinate","three_basic","three_superordinate","three_subordinate","three_subordinate","2017-01-26T17:36:12Z","3GONHBMNHVY7OZPQWY20F3N18EXZMO","","Approved","2017-01-26T17:44:56Z","5"
"6","2017-01-26T18:05:07Z","2017-01-26T18:04:11Z","33LKR6A5KEKHTISWNMZMY7T44WGT13","three","three","three_basic","three_subordinate","one","one","one","three","three","three","three","c3_sub1,c3_bas2,c3_bas1,c3_sub2","c2_bas1,c2_sub2,c2_sub1,c2_bas2","c2_sub1,c2_sub2,c2_bas1","c3_sub1,c3_sub2","c1_sub1,c1_bas2,c1_sub2,c1_bas1","c3_sub1,c3_bas2,c3_sub2,c3_bas1","c1_bas2,c1_sup2,c1_sub2,c1_sup4,c1_sub1,c1_sup1,c1_bas1,c1_sup3","c2_sub1,c2_sub2,c2_sup1,c2_bas2,c2_bas1,c2_sup2","c1_sub2,c1_sub1,c1_bas1,c1_bas2","c2_sub1,c2_sub2","vegetables","2","three","c3_sub2,c3_sub1,c3_bas1,c3_bas2","Yes","This was great!","c2_sub3-c2_sup5-c2_sup6","c1_sup5-c1_sub3-c1_sup6","c2_sub5-c2_sub4-c2_sub3","c1_sub3-c1_bas4-c1_bas3","c2_sub3","c3_sub3","c1_sub3","three_subordinate","animals","c2_bas4-c2_sub3-c2_bas3","c3_sup6-c3_sup5-c3_sub3","c1_sub2,c1_sub1","animals","fep","zom","three","pag","rab","dit","sib","tev","tob","wug","vehicles","animals","c3_sub3-c3_bas3-c3_bas4","c1_sub3-c1_sub4-c1_sub5","c3_sub4-c3_sub5-c3_sub3","vehicles","animals","vegetables","vehicles","vegetables","vehicles","vegetables","2","mep","English","nur","rif","Male","30","three","one","one","one","three_subordinate","three_basic","three_superordinate","three_superordinate","three_basic","three_superordinate","2017-01-26T17:35:25Z","3GONHBMNHVY7OZPQWY20F3N18EXZMO","","Approved","2017-01-26T17:54:11Z","6"
"7","2017-01-26T18:01:07Z","2017-01-26T18:00:20Z","34MAJL3QP4NTM0RLVPCXESW9MHE34A","three","three","three_basic","three_subordinate","one","one","one","three","three","three","three","c1_bas2,c1_sup4,c1_sup3,c1_sup1,c1_sub2,c1_bas1,c1_sub1","c1_sub2,c1_sub1,c1_bas1,c1_bas2","c2_bas2,c2_sub1,c2_sub2","c2_sub2,c2_sub1","c3_sub2,c3_sub1,c3_bas1,c3_bas2","c1_bas2,c1_sub1,c1_bas1,c1_sub2","c3_sub1,c3_sub2","c1_sub2,c1_sub1","c2_sup4,c2_sub1,c2_bas2,c2_sup2,c2_sub2,c2_sup1,c2_sup3,c2_bas1","c3_bas1,c3_bas2,c3_sub1,c3_sub2","animals","3","three","c2_sub2,c2_bas2,c2_sub1,c2_bas1","NA","The forced delays were irritating and unnecessary. ","c1_sub4-c1_sub3-c1_sub5","c3_sub4-c3_sub5-c3_sub3","c3_bas4-c3_sub3-c3_bas3","c2_sup6-c2_sub3-c2_sup5","c2_sub3","c1_sub3","c3_sub3","three_superordinate","vehicles","c1_bas4-c1_sub3-c1_bas3","c1_sup6-c1_sub3-c1_sup5","c3_sup3,c3_bas1,c3_sub2,c3_sub1,c3_sup4,c3_sup2,c3_bas2,c3_sup1","vehicles","sib","pag","three","rif","mep","tob","tev","wug","dit","zom","vegetables","vegetables","c2_bas4-c2_bas3-c2_sub3","c3_sub3-c3_sup6-c3_sup5","c2_sub3-c2_sub5-c2_sub4","vehicles","vegetables","animals","vegetables","animals","animals","vehicles","1","nur","English","rab","fep","","","three","one","one","one","three_basic","three_superordinate","three_subordinate","three_subordinate","three_basic","three_superordinate","2017-01-26T17:35:17Z","3GONHBMNHVY7OZPQWY20F3N18EXZMO","","Approved","2017-01-26T17:50:20Z","7"
"8","2017-01-26T17:53:07Z","2017-01-26T17:52:58Z","379J5II41OGSU6E3Q1SAJ02HZSYLEB","three","three","three_subordinate","three_subordinate","one","one","one","three","three","three","three","c1_sub1,c1_sub2,c1_bas2,c1_bas1","c1_bas1,c1_sup1,c1_sub1,c1_bas2,c1_sub2,c1_sup4,c1_sup2,c1_sup3","c1_bas1,c1_sub2,c1_sub1,c1_bas2","c2_sub1,c2_sub2","c3_sub2,c3_bas2,c3_sup3,c3_sub1,c3_sup1,c3_sup4,c3_bas1","c2_sup3,c2_sub1,c2_sup1,c2_sup4,c2_bas1,c2_sup2,c2_sub2,c2_bas2","c3_bas2,c3_bas1,c3_sub2,c3_sub1","c3_sub1,c3_sup2,c3_bas1,c3_sup3,c3_bas2,c3_sup4,c3_sup1,c3_sub2","c3_sub2,c3_sub1","c2_bas2,c2_sub1,c2_sub2,c2_bas1","vehicles","3","three","c1_sub2,c1_sub1","Yes","","c3_sup5-c3_sub3-c3_sup6","c3_bas3-c3_sub3-c3_bas4","c2_bas4-c2_bas3-c2_sub3","c3_sub5-c3_sub3-c3_sub4","c1_sub3","c2_sub3","c3_sub3","three_superordinate","vegetables","c1_sub3-c1_sup5-c1_sup6","c1_bas4-c1_sub3-c1_bas3","c2_bas2,c2_sup2,c2_sup1,c2_sub2,c2_bas1","vehicles","zom","fep","three","dit","wug","rif","nur","pag","mep","sib","vegetables","vegetables","c1_sub5-c1_sub3-c1_sub4","c2_sup6-c2_sub3-c2_sup5","c2_sub5-c2_sub4-c2_sub3","vegetables","vehicles","animals","animals","animals","vehicles","animals","2","tev","English","tob","rab","Female","27","three","one","one","one","three_basic","three_subordinate","three_superordinate","three_basic","three_superordinate","three_basic","2017-01-26T17:35:43Z","3GONHBMNHVY7OZPQWY20F3N18EXZMO","","Approved","2017-01-26T17:42:58Z","8"
"9","2017-01-26T18:37:07Z","2017-01-26T18:36:07Z","37ZHEEHM6WMQ5N94XNA4H4GJDJ437U","three","three","three_basic","three_superordinate","one","one","one","three","three","three","three","c1_sub1,c1_sub2","c3_sub1,c3_sup1,c3_bas1,c3_sup4,c3_sup3,c3_bas2,c3_sub2,c3_sup2","c2_sub2,c2_sub1,c2_bas1,c2_bas2","c2_sup1,c2_sup3,c2_sub2,c2_sub1,c2_sup2,c2_sup4,c2_bas2,c2_bas1","c3_bas1,c3_bas2,c3_sub2,c3_sub1","c1_sub1,c1_bas1,c1_sub2,c1_bas2","c1_sub1,c1_bas1,c1_sub2,c1_bas2","c2_sub2,c2_bas1,c2_sub1,c2_bas2","c3_sub1","c2_sub2","vegetables","2","three","c3_bas1,c3_bas2,c3_sub1,c3_sub2","Yes","Very fun","c2_bas3-c2_sub3-c2_bas4","c1_bas4-c1_bas3-c1_sub3","c2_sub4-c2_sub3-c2_sub5","c3_sub4-c3_sub5-c3_sub3","c2_sub3","c1_sub3","c3_sub3","three_superordinate","animals","c3_sup5-c3_sup6-c3_sub3","c1_sub4-c1_sub5-c1_sub3","c1_sup4,c1_bas1,c1_sub2,c1_sup3,c1_sup1,c1_bas2,c1_sub1","vehicles","tob","pag","three","tev","fep","dit","nur","rab","zom","wug","animals","vegetables","c3_bas3-c3_bas4-c3_sub3","c1_sup5-c1_sub3-c1_sup6","c2_sub3-c2_sup6-c2_sup5","vehicles","vegetables","animals","vehicles","vegetables","vehicles","animals","2","sib","English","mep","rif","Female","25","three","one","one","one","three_subordinate","three_subordinate","three_basic","three_basic","three_superordinate","three_subordinate","2017-01-26T17:35:20Z","3GONHBMNHVY7OZPQWY20F3N18EXZMO","","Approved","2017-01-26T18:26:07Z","9"
"10","2017-01-26T17:52:07Z","2017-01-26T17:51:35Z","386PBUZZXFX05M0V4231GGF940ULJW","three","three","three_basic","three_subordinate","one","one","one","three","three","three","three","c3_sub1,c3_sub2","c3_sub2,c3_sub1","c2_sub1,c2_sub2","c1_sub1,c1_sub2","c1_sub2,c1_sub1","c3_sub1,c3_sub2","c1_sub2,c1_sub1","c2_sub2,c2_sub1","c2_sub1,c2_sub2","c2_bas1,c2_sub1,c2_sub2,c2_bas2","vegetables","3","three","c3_sub2,c3_sub1","Yes","","c2_sub3-c2_sup5-c2_sup6","c1_sup6-c1_sub3-c1_sup5","c2_sub3-c2_bas4-c2_bas3","c2_sub4-c2_sub3-c2_sub5","c2_sub3","c3_sub3","c1_sub3","three_basic","animals","c3_sub5-c3_sub3-c3_sub4","c3_sup5-c3_sub3-c3_sup6","c1_bas2,c1_sub1,c1_bas1,c1_sub2","vegetables","tob","tev","three","fep","pag","sib","mep","wug","dit","rif","animals","animals","c3_bas4-c3_sub3-c3_bas3","c1_bas4-c1_bas3-c1_sub3","c1_sub5-c1_sub4-c1_sub3","vehicles","animals","vegetables","vehicles","vegetables","vehicles","vehicles","2","nur","english","zom","rab","Female","61","three","one","one","one","three_basic","three_subordinate","three_superordinate","three_superordinate","three_subordinate","three_superordinate","2017-01-26T17:36:24Z","3GONHBMNHVY7OZPQWY20F3N18EXZMO","","Approved","2017-01-26T17:41:35Z","10"
"11","2017-01-26T19:01:07Z","2017-01-26T19:00:19Z","3A4NIXBJ76ZQ6U6G7ZGTW87Q8UQLM1","three","three","three_basic","three_subordinate","one","one","one","three","three","three","three","c2_sub1,c2_sub2","c3_sub1,c3_sub2","c3_sub1,c3_sub2","c1_sub2,c1_sub1","c1_sub1,c1_bas1,c1_bas2,c1_sub2","c2_sub1,c2_sub2,c2_bas2","c1_sup1,c1_sup3,c1_sub1,c1_sup4,c1_bas2,c1_bas1,c1_sup2,c1_sub2","c3_sub2,c3_bas1,c3_sub1,c3_bas2","c2_sub2,c2_sub1,c2_bas1,c2_bas2","c2_sup2,c2_sub2,c2_bas1,c2_sub1,c2_sup4,c2_bas2,c2_sup1,c2_sup3","animals","3","three","c1_bas2,c1_sub2,c1_bas1,c1_sub1","Yes","Thank you so much! Tons of fun","c3_bas3-c3_sub3-c3_bas4","c1_sup6-c1_sub3-c1_sup5","c2_sup5-c2_sup6-c2_sub3","c2_sub3-c2_bas4-c2_bas3","c3_sub3","c2_sub3","c1_sub3","three_superordinate","vegetables","c3_sub5-c3_sub4-c3_sub3","c2_sub5-c2_sub4-c2_sub3","c3_sub1,c3_sup3,c3_sub2,c3_sup2,c3_sup4,c3_bas1,c3_sup1,c3_bas2","vegetables","dit","tev","three","rif","mep","sib","rab","tob","zom","pag","animals","vehicles","c1_bas3-c1_sub3-c1_bas4","c3_sup6-c3_sup5-c3_sub3","c1_sub3-c1_sub5-c1_sub4","animals","vehicles","vegetables","animals","vegetables","vehicles","vehicles","2","nur","english","wug","fep","Female","31","three","one","one","one","three_superordinate","three_basic","three_basic","three_superordinate","three_subordinate","three_subordinate","2017-01-26T18:22:14Z","3GONHBMNHVY7OZPQWY20F3N18EXZMO","","Approved","2017-01-26T18:50:19Z","11"
"12","2017-01-26T18:21:07Z","2017-01-26T18:20:32Z","3DOCMVPBTNEMCCU1VDB8MF0FIFZNN4","three","three","three_subordinate","three_subordinate","one","one","one","three","three","three","three","c1_bas1,c1_sub1,c1_sub2,c1_bas2","c1_bas1,c1_sup1,c1_sup3,c1_sub1,c1_sup4,c1_bas2,c1_sub2,c1_sup2","c2_bas1,c2_sub2,c2_sub1,c2_bas2","c1_sub2,c1_sub1","c3_sub2,c3_bas1,c3_bas2,c3_sub1","c1_sub1,c1_bas2,c1_sub2,c1_bas1","c2_sub2,c2_sup4,c2_sup2,c2_sup3,c2_bas1,c2_sup1,c2_bas2,c2_sub1","c3_sub2,c3_sub1","c3_sub2,c3_sub1,c3_bas2,c3_bas1","c2_bas1,c2_sub2,c2_sub1,c2_bas2","animals","4","three","c2_sub2,c2_sub1","Yes","","c3_sub4-c3_sub3-c3_sub5","c2_sub3-c2_sup5-c2_sup6","c2_bas3-c2_bas4-c2_sub3","c3_bas3-c3_sub3-c3_bas4","c2_sub3","c1_sub3","c3_sub3","three_superordinate","vehicles","c1_sup6-c1_sub3-c1_sup5","c1_bas3-c1_bas4-c1_sub3","c3_bas1,c3_sup1,c3_sub2,c3_sup3,c3_bas2,c3_sup4,c3_sub1","vegetables","nur","dit","three","wug","tev","tob","rif","mep","rab","sib","vegetables","vegetables","c2_sub3-c2_sub5-c2_sub4","c3_sup5-c3_sup6-c3_sub3","c1_sub3-c1_sub4-c1_sub5","vehicles","vegetables","animals","animals","vehicles","vehicles","animals","2","pag","English","fep","zom","Female","55","three","one","one","one","three_basic","three_basic","three_subordinate","three_superordinate","three_superordinate","three_basic","2017-01-26T17:35:18Z","3GONHBMNHVY7OZPQWY20F3N18EXZMO","","Approved","2017-01-26T18:10:32Z","12"
"13","2017-01-26T19:09:07Z","2017-01-26T19:08:23Z","3DQQ64TANGLC2RFS3TFNMNI1B64PWT","three","three","three_basic","three_superordinate","one","one","one","three","three","three","three","c2_sub1,c2_sub2","c2_bas1,c2_sub2,c2_sub1,c2_bas2","c2_sub2,c2_bas1,c2_sub1","c1_sup1,c1_bas1,c1_bas2,c1_sub1,c1_sup4,c1_sup3,c1_sub2,c1_sup2","c1_sub1,c1_bas1,c1_sub2","c3_sub1,c3_sub2,c3_bas1,c3_bas2","c2_sub2,c2_sup4,c2_bas2,c2_sup1,c2_bas1,c2_sup3,c2_sub1","c3_sub1,c3_bas2,c3_sup2,c3_sup3,c3_bas1,c3_sup1,c3_sup4,c3_sub2","c1_sub2,c1_sub1","c1_bas1,c1_bas2,c1_sub1,c1_sub2","animals","3","three","c3_sub1,c3_bas2,c3_bas1,c3_sub2","NA","","c3_sub3-c3_sup5-c3_sup6","c2_sup6-c2_sup5-c2_sub3","c1_bas4-c1_sub3-c1_bas3","c1_sub4-c1_sub5-c1_sub3","c2_sub3","c3_sub3","c1_sub3","three_subordinate","animals","c2_bas3-c2_sub3-c2_bas4","c2_sub3-c2_sub5-c2_sub4","c3_sub1,c3_sub2","vegetables","sib","nur","three","pag","rif","zom","fep","tev","tob","rab","vehicles","vehicles","c3_bas3-c3_bas4-c3_sub3","c3_sub3-c3_sub4-c3_sub5","c1_sup5-c1_sub3-c1_sup6","vehicles","animals","vegetables","animals","vehicles","vegetables","vegetables","1","wug","english","dit","mep","","","three","one","one","one","three_basic","three_subordinate","three_superordinate","three_superordinate","three_basic","three_subordinate","2017-01-26T18:14:59Z","3GONHBMNHVY7OZPQWY20F3N18EXZMO","","Approved","2017-01-26T18:58:23Z","13"
"14","2017-01-26T18:02:07Z","2017-01-26T18:01:56Z","3EWIJTFFVO7FXAPH186RLGATWUO0EI","three","three","three_subordinate","three_superordinate","one","one","one","three","three","three","three","c1_bas1,c1_sub1,c1_sup1,c1_sub2,c1_bas2,c1_sup3,c1_sup4","c2_sub1,c2_bas1,c2_bas2,c2_sub2","c3_bas1,c3_bas2,c3_sub1","c2_sub1,c2_sub2,c2_sup1,c2_sup4,c2_bas2,c2_sup3,c2_bas1,c2_sup2","c1_sub1,c1_bas2,c1_bas1,c1_sub2","c2_sub1,c2_sub2","c1_bas2,c1_bas1,c1_sub2,c1_sub1","c2_sub1,c2_sub2","c1_bas2,c1_sub2,c1_bas1,c1_sub1","c3_sub2,c3_bas1,c3_sub1,c3_bas2","animals","2","three","c3_sub2,c3_sub1","Yes","I hope I understood, anyway, it was fun.","c2_sub5-c2_sub3-c2_sub4","c1_sub4-c1_sub5-c1_sub3","c3_sub3-c3_sup6-c3_sup5","c1_sub3-c1_bas4-c1_bas3","c3_sub3","c2_sub3","c1_sub3","three_basic","animals","c2_bas3-c2_sub3-c2_bas4","c1_sub3-c1_sup5-c1_sup6","c3_bas2,c3_sub1,c3_sub2,c3_bas1","vehicles","dit","zom","three","tev","wug","pag","rab","nur","sib","rif","vehicles","vegetables","c3_sub5-c3_sub4-c3_sub3","c3_bas4-c3_bas3-c3_sub3","c2_sup6-c2_sub3-c2_sup5","animals","vehicles","vegetables","vehicles","vegetables","animals","vegetables","2","fep","english","mep","tob","Male","68","three","one","one","one","three_superordinate","three_basic","three_subordinate","three_subordinate","three_basic","three_superordinate","2017-01-26T17:44:18Z","3GONHBMNHVY7OZPQWY20F3N18EXZMO","","Approved","2017-01-26T17:51:56Z","14"
"15","2017-01-26T18:45:07Z","2017-01-26T18:44:49Z","3FE2ERCCZX84XI6QC7OD5T5F846OPH","three","three","three_superordinate","three_basic","one","one","one","three","three","three","three","c1_sub1,c1_sub2","c3_sub2,c3_sub1","c3_sub2,c3_sub1,c3_bas1,c3_bas2","c3_bas2,c3_bas1,c3_sub2,c3_sub1","c2_sub1,c2_sub2,c2_bas2,c2_bas1","c1_bas2,c1_sub1,c1_sub2,c1_bas1","c2_sub1,c2_sub2","c1_sup1,c1_bas1,c1_bas2,c1_sup3,c1_sup4,c1_sub2,c1_sup2,c1_sub1","c2_sub2,c2_bas2,c2_bas1,c2_sub1","c3_sup1,c3_sup4,c3_sup3,c3_sub2,c3_bas2,c3_bas1,c3_sup2,c3_sub1","vegetables","-1","three","c2_sub1,c2_sub2,c2_sup4,c2_bas1,c2_bas2,c2_sup3,c2_sup1","Yes","Interesting and fun!","c1_sup6-c1_sub3-c1_sup5","c2_sub3-c2_sub4-c2_sub5","c3_sup6-c3_sub3-c3_sup5","c2_bas4-c2_sub3-c2_bas3","c3_sub3","c1_sub3","c2_sub3","three_basic","vehicles","c3_sub4-c3_sub5-c3_sub3","c1_sub4-c1_sub5-c1_sub3","c1_sub1,c1_sub2,c1_bas2,c1_bas1","animals","rif","mep","three","sib","nur","dit","tob","tev","zom","rab","animals","vegetables","c2_sub3-c2_sup5-c2_sup6","c1_bas3-c1_sub3-c1_bas4","c3_bas4-c3_sub3-c3_bas3","animals","vegetables","vehicles","vegetables","vehicles","animals","vehicles","2","wug","English","pag","fep","Male","61","three","one","one","one","three_superordinate","three_basic","three_superordinate","three_subordinate","three_subordinate","three_subordinate","2017-01-26T18:26:25Z","3GONHBMNHVY7OZPQWY20F3N18EXZMO","","Approved","2017-01-26T18:34:49Z","15"
"16","2017-01-26T17:52:07Z","2017-01-26T17:51:39Z","3FE7TXL1LINBQNI0PM55YLSMCVVQ23","three","three","three_subordinate","three_subordinate","one","one","one","three","three","three","three","c3_sub1,c3_sub2","c1_sup1,c1_bas1,c1_sub2,c1_bas2,c1_sub1,c1_sup4,c1_sup3,c1_sup2","c1_sub2,c1_bas1,c1_bas2,c2_bas1,c3_sub1,c2_bas2","c2_sub1,c2_sub2","c2_sub2,c2_sub1","c3_sub1,c3_sub2","c1_sub2,c1_sub1,c1_bas1,c1_bas2","c2_bas1,c2_sup3,c2_bas2,c2_sub1,c2_sup2,c2_sub2,c2_sup1,c2_sup4","c2_bas2,c2_sub2,c2_bas1,c2_sub1","c3_sub1,c3_sub2,c3_bas2,c3_bas1","animals","2","three","c1_sub1,c1_sub2","Yes","","c2_sub3-c2_sup6-c2_sup5","c1_sub3-c1_bas4-c1_bas3","c3_bas3-c3_bas4-c3_sub3","c2_sub3-c2_bas3-c2_bas4","c1_sub3","c3_sub3","c2_sub3","three_superordinate","vegetables","c1_sup6-c1_sup5-c1_sub3","c3_sub3-c3_sub5-c3_sub4","c3_sub2,c3_bas1,c3_sup4,c3_sup2,c3_sup3,c3_sup1,c3_bas2,c3_sub1","vehicles","wug","dit","three","rab","tob","nur","sib","zom","mep","fep","vegetables","animals","c1_sub3-c1_sub4-c1_sub5","c3_sup5-c3_sub3-c3_sup6","c2_sub4-c2_sub3-c2_sub5","vegetables","animals","vehicles","vehicles","vegetables","animals","vehicles","1","tev","english","rif","pag","Female","37","three","one","one","one","three_basic","three_basic","three_superordinate","three_basic","three_superordinate","three_subordinate","2017-01-26T17:35:42Z","3GONHBMNHVY7OZPQWY20F3N18EXZMO","","Approved","2017-01-26T17:41:39Z","16"
"17","2017-01-26T18:41:07Z","2017-01-26T18:40:59Z","3FFJ6VRIL1ORDFR3XRWI6V8LONV0IR","three","three","three_superordinate","three_basic","one","one","one","three","three","three","three","c3_bas1,c3_sub2,c3_sub1,c3_sup1,c3_sup2,c3_sup4,c3_sup3,c3_bas2","c3_sub2,c3_sub1,c3_bas2,c3_bas1","c2_bas1,c2_bas2,c2_sub1","c2_bas1,c2_bas2,c2_sub2,c2_sub1","c1_bas2,c1_bas1,c1_sub1,c1_sub2","c3_sub1,c3_bas1,c3_bas2,c3_sub2","c1_sup2,c1_sup4,c1_sub1,c1_sup3,c1_sub2,c1_bas2,c1_sup1,c1_bas1","c1_sub1,c1_bas2,c1_sub2,c1_bas1","c1_bas2,c1_sub1,c1_sub2,c1_bas1","c3_sub2","vehicles","3","three","c2_sup1,c2_sup4,c2_sub2,c2_sup3,c2_bas2,c2_sub1,c2_bas1,c2_sup2","NA","liked it - forgot to click on one dalmation, the scrolling was hella annoying.","c1_sub4-c1_sub3-c1_sub5","c1_sup5-c1_sub3-c1_sup6","c3_sub3-c3_sub5-c3_sub4","c1_sub3-c1_bas4-c1_bas3","c2_sub3","c3_sub3","c1_sub3","three_subordinate","vehicles","c3_bas3-c3_bas4-c3_sub3","c3_sup5-c3_sup6-c3_sub3","c2_sub2,c2_sub1","vehicles","nur","pag","three","fep","wug","zom","dit","rab","tob","sib","animals","animals","c2_sup5-c2_sup6-c2_sub3","c2_sub4-c2_sub5-c2_sub3","c2_bas3-c2_bas4-c2_sub3","vehicles","animals","vegetables","vegetables","vegetables","animals","vegetables","2","rif","english","mep","tev","","","three","one","one","one","three_subordinate","three_basic","three_subordinate","three_superordinate","three_basic","three_superordinate","2017-01-26T17:35:25Z","3GONHBMNHVY7OZPQWY20F3N18EXZMO","","Approved","2017-01-26T18:30:59Z","17"
"18","2017-01-26T17:54:07Z","2017-01-26T17:53:09Z","3FTOP5WARFON8QB9F9HIIWNL12K0J3","three","three","three_superordinate","three_basic","one","one","one","three","three","three","three","c2_sub2,c2_sub1,c2_bas2,c2_bas1","c3_sub1,c3_sub2","c2_sub1,c2_bas2,c2_bas1,c2_sub2","c3_sub1,c3_bas2,c3_sub2,c3_bas1","c3_bas2,c3_bas1,c3_sub2,c3_sub1","c1_sub1,c1_sub2,c1_bas2,c1_bas1","c2_sub2,c2_sub1","c1_sub1,c1_sub2,c1_bas1,c1_bas2","c1_sub1,c1_sub2","c1_sub2,c1_sub1,c1_bas2,c1_bas1","animals","2","three","c2_sup1,c2_bas2,c2_sub1,c2_sub2,c2_bas1,c2_sup4,c2_sup2,c2_sup3","Yes","","c1_sub3-c1_bas3-c1_bas4","c2_sub3-c2_sub4-c2_sub5","c1_sup5-c1_sup6-c1_sub3","c1_sub3-c1_sub5-c1_sub4","c2_sub3","c1_sub3","c3_sub3","three_subordinate","vehicles","c3_sup6-c3_sup5-c3_sub3","c2_sub3-c2_bas4-c2_bas3","c3_sub1,c3_sub2","animals","rif","nur","three","fep","tob","sib","rab","mep","wug","zom","animals","vehicles","c2_sup5-c2_sup6-c2_sub3","c3_sub3-c3_sub5-c3_sub4","c3_bas3-c3_sub3-c3_bas4","vehicles","vegetables","animals","vegetables","vehicles","vegetables","vegetables","2","dit","English","tev","pag","Male","24","three","one","one","one","three_superordinate","three_subordinate","three_basic","three_subordinate","three_superordinate","three_basic","2017-01-26T17:35:25Z","3GONHBMNHVY7OZPQWY20F3N18EXZMO","","Approved","2017-01-26T17:43:09Z","18"
"19","2017-01-26T18:44:07Z","2017-01-26T18:43:51Z","3FUI0JHJPXY8448HVB7E4N438HI33P","three","three","three_subordinate","three_basic","one","one","one","three","three","three","three","c2_sub1,c2_sub2","c3_sub1,c3_sub2","c2_sub1,c2_sub2,c2_bas2,c2_bas1","c2_bas2,c2_bas1,c2_sub1,c2_sub2","c3_bas2,c3_bas1,c3_sub2,c3_sub1","c1_sub2,c1_bas1,c1_sub1,c1_bas2","c3_sup2,c3_bas2,c3_bas1,c3_sub1,c3_sup4,c3_sub2,c3_sup3,c3_sup1","c3_sub2,c3_bas1,c3_bas2,c3_sub1","c1_sub2,c1_bas2,c1_bas1,c1_sub1","c1_sub2,c1_sup3,c1_sup1,c1_bas1,c1_sup2,c1_sub1,c1_sup4,c1_bas2","vehicles","2","three","c1_sub1,c1_sub2","Yes","I would love to know the results from this experiment. Jenniferwallace1986@gmail.com also I would love to participate in any follow up hits. ","c3_bas3-c3_sub3-c3_bas4","c3_sub3-c3_sup6-c3_sup5","c1_sup6-c1_sub3-c1_sup5","c1_bas4-c1_sub3-c1_bas3","c2_sub3","c1_sub3","c3_sub3","three_superordinate","vegetables","c3_sub4-c3_sub5-c3_sub3","c2_sub4-c2_sub5-c2_sub3","c2_bas1,c2_sub2,c2_sup2,c2_sup1,c2_sup4,c2_bas2,c2_sub1","vehicles","nur","sib","three","wug","fep","pag","rif","mep","zom","rab","animals","vehicles","c1_sub5-c1_sub4-c1_sub3","c2_sup6-c2_sup5-c2_sub3","c2_bas3-c2_bas4-c2_sub3","vehicles","vegetables","animals","animals","animals","vegetables","vegetables","2","dit","English","tev","tob","Female","30","three","one","one","one","three_superordinate","three_basic","three_basic","three_superordinate","three_subordinate","three_subordinate","2017-01-26T18:20:56Z","3GONHBMNHVY7OZPQWY20F3N18EXZMO","","Approved","2017-01-26T18:33:51Z","19"
"20","2017-01-26T18:29:07Z","2017-01-26T18:28:50Z","3HRMW88U16QD9YHUI6UAYOF25WF0M7","three","three","three_basic","three_superordinate","one","one","one","three","three","three","three","c2_sub1","c2_sup4,c2_sup1,c2_bas1,c2_sub2,c2_sup2,c2_bas2,c2_sub1,c2_sup3","c1_bas1,c1_sub1,c1_sub2,c1_bas2","c3_sup3,c3_sub2,c3_bas2,c3_sup2,c3_sub1,c3_sup1,c3_sup4,c3_bas1","c3_sub1,c3_bas1,c3_sub2,c3_bas2","c2_bas2,c2_sub1,c2_bas1,c2_sub2","c1_sub1,c1_sub2","c2_sub1,c2_bas2,c2_bas1,c2_sub2","c1_sup4,c1_bas2,c1_sup1,c1_sup3,c1_bas1,c1_sup2,c1_sub2,c1_sub1","c3_sub2,c3_sub1","animals","4","three","c1_bas1,c1_sub2,c1_bas2,c1_sub1","Yes","none","c2_sub3-c2_bas4-c2_bas3","c1_sub3-c1_sub4-c1_sub5","c3_sub3-c3_sub4-c3_sub5","c1_sup5-c1_sub3-c1_sup6","c1_sub3","c2_sub3","c3_sub3","three_basic","vegetables","c2_sup6-c2_sub3-c2_sup5","c2_sub4-c2_sub5-c2_sub3","c3_bas2,c3_bas1,c3_sub2,c3_sub1","animals","tev","sib","three","rif","tob","wug","dit","fep","zom","rab","vehicles","vehicles","c1_sub3-c1_bas3-c1_bas4","c3_bas4-c3_sub3-c3_bas3","c3_sup5-c3_sub3-c3_sup6","vegetables","vehicles","animals","vehicles","vegetables","animals","vegetables","1","pag","English","nur","mep","Male","59","three","one","one","one","three_subordinate","three_superordinate","three_basic","three_subordinate","three_superordinate","three_subordinate","2017-01-26T17:35:27Z","3GONHBMNHVY7OZPQWY20F3N18EXZMO","","Approved","2017-01-26T18:18:50Z","20"
"21","2017-01-26T17:58:07Z","2017-01-26T17:57:23Z","3IOEN3P9S7JBRKHKR9RTNX1QKO6616","three","three","three_basic","three_basic","one","one","one","three","three","three","three","c3_sub2,c3_sup3,c3_sup2,c3_sub1,c3_sup1,c3_bas1,c3_sup4,c3_bas2","c1_bas1,c1_bas2,c1_sub1,c1_sub2","c1_sub2,c1_sub1","c2_bas2,c2_bas1,c2_sub1,c2_sub2","c3_sub2,c3_sub1","c2_sub1,c2_sub2","c2_sup4,c2_sup3,c2_sup1,c2_bas2,c2_bas1,c2_sub1,c2_sub2,c2_sup2","c3_sub2,c3_sub1","c2_sub1,c2_sub2","c1_bas2,c1_sup1,c1_bas1,c1_sub2,c1_sup2,c1_sub1,c1_sup3","vegetables","3","three","c3_bas1,c3_sub2,c3_bas2,c3_sub1","Yes","It was good though it caught me a little off-guard on what the words might have meant. Not sure if I got the vegetable vs pepper vs green pepper ones exactly right, for example. ","c3_sub5-c3_sub3-c3_sub4","c2_sup5-c2_sub3-c2_sup6","c1_sup6-c1_sup5-c1_sub3","c2_sub5-c2_sub3-c2_sub4","c1_sub3","c2_sub3","c3_sub3","three_subordinate","animals","c1_bas4-c1_sub3-c1_bas3","c3_sup5-c3_sup6-c3_sub3","c1_sub2,c1_sub1","vehicles","zom","nur","three","rif","mep","sib","dit","fep","tev","wug","vegetables","animals","c3_sub3-c3_bas4-c3_bas3","c1_sub4-c1_sub5-c1_sub3","c2_sub3-c2_bas3-c2_bas4","vegetables","vehicles","animals","animals","vehicles","vegetables","vehicles","2","pag","English","tob","rab","Female","27","three","one","one","one","three_superordinate","three_subordinate","three_subordinate","three_superordinate","three_basic","three_superordinate","2017-01-26T17:35:47Z","3GONHBMNHVY7OZPQWY20F3N18EXZMO","","Approved","2017-01-26T17:47:23Z","21"
"22","2017-01-26T18:09:07Z","2017-01-26T18:08:07Z","3J88R45B2GYRRRKIDYB9O6W8K8AXPU","three","three","three_basic","three_subordinate","one","one","one","three","three","three","three","c3_sub1,c3_sub2","c3_sup2,c3_sub1,c3_sup4,c3_sub2,c3_sup1,c3_sup3,c3_bas2,c3_bas1","c1_sub1,c1_bas2,c1_sub2,c1_bas1","c2_sub1,c2_sub2","c2_sub2,c2_sub1,c2_bas2,c2_bas1","c3_bas2,c3_sub1,c3_bas1,c3_sub2","c3_bas2,c3_bas1,c3_sub2","c1_sub1,c1_bas1,c1_sub2,c1_bas2","c1_sup2,c1_bas2,c1_sub2,c1_sub1,c1_sup4,c1_bas1,c1_sup1,c1_sup3","c1_sub2,c1_sub1","vehicles","2","three","c2_sub1,c2_sub2,c2_bas1,c2_bas2","Yes","","c1_sub3-c1_bas3-c1_bas4","c3_bas4-c3_sub3-c3_bas3","c1_sub4-c1_sub3-c1_sub5","c1_sup5-c1_sup6-c1_sub3","c1_sub3","c3_sub3","c2_sub3","three_superordinate","vehicles","c3_sup5-c3_sub3-c3_sup6","c3_sub3-c3_sub4-c3_sub5","c2_sup2,c2_sub1,c2_sup4,c2_sub2,c2_bas1,c2_sup3,c2_bas2,c2_sup1","vehicles","rif","fep","three","tev","sib","wug","pag","zom","mep","dit","animals","animals","c2_bas4-c2_sub3-c2_bas3","c2_sup6-c2_sup5-c2_sub3","c2_sub5-c2_sub4-c2_sub3","vegetables","animals","vehicles","vegetables","animals","vegetables","vegetables","2","nur","English","rab","tob","Female","26","three","one","one","one","three_subordinate","three_superordinate","three_basic","three_basic","three_superordinate","three_subordinate","2017-01-26T17:35:56Z","3GONHBMNHVY7OZPQWY20F3N18EXZMO","","Approved","2017-01-26T17:58:07Z","22"
"23","2017-01-26T17:58:07Z","2017-01-26T17:57:14Z","3JBT3HLQF82GWMKXEGZULRCJS88PZJ","three","three","three_superordinate","three_basic","one","one","one","three","three","three","three","c2_bas2,c2_sub1,c2_sup1,c2_sup4,c2_sup3,c2_bas1,c2_sup2,c2_sub2","c3_sub1,c3_sub2","c2_sub1,c2_sub2,c2_bas2,c2_bas1","c3_bas2,c3_sub1,c3_sub2,c3_bas1","c1_bas1,c1_sub1,c1_sub2,c1_bas2","c3_bas1,c3_sub2,c3_sub1,c3_bas2","c2_sub1,c2_sub2","c1_bas1,c1_bas2,c1_sub1,c1_sub2","c2_sub2,c2_sub1","c1_bas1,c1_sub1,c1_sub2,c1_bas2","vegetables","3","three","c3_sub2,c3_bas1,c3_sup4,c3_sup1,c3_sup3,c3_sub1,c3_bas2,c3_sup2","NA","","c1_sub5-c1_sub4-c1_sub3","c2_sub4-c2_sub5-c2_sub3","c1_bas3-c1_sub3-c1_bas4","c2_bas3-c2_sub3-c2_bas4","c2_sub3","c3_sub3","c1_sub3","three_superordinate","animals","c3_sub4-c3_sub3-c3_sub5","c2_sup6-c2_sub3-c2_sup5","c1_sub1,c1_sup4,c1_bas2,c1_sup1,c1_bas1,c1_sub2,c1_sup2,c1_sup3","animals","wug","fep","three","pag","tev","rab","zom","nur","dit","sib","animals","vehicles","c3_sup5-c3_sup6-c3_sub3","c1_sup6-c1_sup5-c1_sub3","c3_bas3-c3_bas4-c3_sub3","vehicles","animals","vegetables","vegetables","vehicles","vegetables","vehicles","2","tob","english","rif","mep","","","three","one","one","one","three_basic","three_basic","three_subordinate","three_subordinate","three_subordinate","three_superordinate","2017-01-26T17:35:25Z","3GONHBMNHVY7OZPQWY20F3N18EXZMO","","Approved","2017-01-26T17:47:14Z","23"
"24","2017-01-26T18:52:07Z","2017-01-26T18:51:57Z","3JBT3HLQF82GWMKXEGZULRCJS89PZK","three","three","three_superordinate","three_superordinate","one","one","one","three","three","three","three","c1_sup4,c1_bas2,c1_sub1,c1_bas1,c1_sub2,c1_sup3,c1_sup1,c1_sup2","c1_sub1,c1_sub2","c2_sub2,c2_sub1,c2_bas2,c2_bas1","c3_bas2,c3_sub2,c3_bas1,c3_sup4,c3_sup2,c3_sup1,c3_sub1,c3_sup3","c1_bas1,c1_bas2,c1_sub1,c1_sub2","c3_bas2,c3_sub1,c3_sub2,c3_bas1","c1_sub2,c1_bas1,c1_bas2,c1_sub1","c2_sub1,c2_sub2","c2_bas1,c2_bas2","c3_bas1,c3_bas2,c3_sub1,c3_sub2","animals","3","three","c2_sup4,c2_sup3,c2_sup2,c2_sup1,c2_bas1,c2_sub1,c2_sub2,c2_bas2","Yes","","c2_sub3-c2_sub4-c2_sub5","c1_sub3-c1_bas4-c1_bas3","c3_bas4-c3_sub3-c3_bas3","c2_bas3-c2_sub3-c2_bas4","c2_sub3","c3_sub3","c1_sub3","three_subordinate","vehicles","c1_sub4-c1_sub5-c1_sub3","c1_sup5-c1_sub3-c1_sup6","c3_sub1,c3_sub2","animals","dit","sib","three","pag","nur","mep","rif","zom","wug","fep","vegetables","vegetables","c2_sub3-c2_sup6-c2_sup5","c3_sub3-c3_sub5-c3_sub4","c3_sup6-c3_sup5-c3_sub3","vehicles","animals","vegetables","vehicles","vegetables","animals","vehicles","2","rab","english","tob","tev","Female","52","three","one","one","one","three_basic","three_basic","three_subordinate","three_basic","three_subordinate","three_superordinate","2017-01-26T18:16:28Z","3GONHBMNHVY7OZPQWY20F3N18EXZMO","","Approved","2017-01-26T18:41:57Z","24"
"25","2017-01-26T18:31:07Z","2017-01-26T18:30:39Z","3KWTYT08703SYNLAF0Z7F6W4MZZL5A","three","three","three_basic","three_superordinate","one","one","one","three","three","three","three","c2_sub1,c2_bas1,c2_sub2,c2_sup1,c2_sup3,c2_bas2,c2_sup4,c2_sup2","c3_bas1,c3_sub2,c3_sub1","c1_sup1,c1_bas1,c1_sup4,c1_sub2,c1_sup3,c1_sub1,c1_bas2","c3_sub1,c3_sup2,c3_sup4,c3_sub2,c3_bas1,c3_bas2,c3_sup3,c3_sup1","c3_bas2,c3_sub2,c3_sub1,c3_bas1","c2_bas2,c2_sup2,c2_sub1,c2_bas1,c2_sub2","c2_bas1,c2_sub1,c2_bas2,c2_sub2","c1_sup2,c1_bas1,c1_sup3,c1_sup4,c1_bas2,c1_sub1,c1_sup1,c1_sub2","c2_sub2,c2_sub1","c1_sub2,c1_sub1,c1_bas1,c1_bas2","animals","4","three","c1_sub2,c1_sub1,c1_bas2,c1_bas1","NA","","c1_sub3-c1_sup5-c1_sup6","c2_bas4-c2_bas3-c2_sub3","c1_sub3-c1_sub4-c1_sub5","c2_sub4-c2_sub5-c2_sub3","c1_sub3","c2_sub3","c3_sub3","three_subordinate","vegetables","c3_sub3-c3_bas3-c3_bas4","c2_sup6-c2_sub3-c2_sup5","c3_sub2,c3_sub1","animals","fep","zom","three","mep","pag","rab","nur","tev","rif","wug","animals","vehicles","c1_bas4-c1_bas3-c1_sub3","c3_sub3-c3_sub4-c3_sub5","c3_sup6-c3_sup5-c3_sub3","vegetables","vehicles","animals","vegetables","vehicles","vegetables","vehicles","2","sib","English","tob","dit","","","three","one","one","one","three_subordinate","three_subordinate","three_superordinate","three_basic","three_basic","three_superordinate","2017-01-26T17:41:48Z","3GONHBMNHVY7OZPQWY20F3N18EXZMO","","Approved","2017-01-26T18:20:39Z","25"
"26","2017-01-26T18:38:07Z","2017-01-26T18:37:59Z","3L0KT67Y8EGD4OQKAB152P8S9YBSYB","three","three","three_superordinate","three_subordinate","one","one","one","three","three","three","three","c2_sub1,c2_sub2","c1_bas1,c1_sub2,c1_sub1,c1_bas2","c3_sub1,c3_sub2","c3_sub1,c3_sub2,c3_bas1,c3_bas2","c2_sub2,c2_sub1","c1_sub1,c1_sub2","c2_sub1,c2_sub2","c2_bas1,c2_bas2","c3_sup3,c3_sup1,c3_bas1,c3_bas2,c3_sub2,c3_sup2,c3_sub1,c3_sup4","c3_sub2,c3_sub1,c3_bas2","vegetables","3","three","c1_sub1,c1_bas1,c1_bas2,c1_sub2,c1_sup4,c1_sup1,c1_sup3,c1_sup2","Yes","I liked it.","c2_bas4-c2_bas3-c2_sub3","c2_sup6-c2_sup5-c2_sub3","c3_bas4-c3_bas3-c3_sub3","c3_sup5-c3_sub3-c3_sup6","c3_sub3","c1_sub3","c2_sub3","three_subordinate","vegetables","c1_bas4-c1_bas3-c1_sub3","c2_sub3-c2_sub5-c2_sub4","c1_sub2,c1_sub1,c1_bas1,c1_bas2","animals","wug","rif","three","dit","pag","tob","zom","rab","mep","sib","vegetables","vehicles","c1_sub3-c1_sup6-c1_sup5","c1_sub4-c1_sub5-c1_sub3","c3_sub3-c3_sub5-c3_sub4","animals","vegetables","vehicles","vehicles","vehicles","animals","animals","1","fep","English","tev","nur","Male","26","three","one","one","one","three_basic","three_superordinate","three_basic","three_superordinate","three_basic","three_subordinate","2017-01-26T17:35:12Z","3GONHBMNHVY7OZPQWY20F3N18EXZMO","","Approved","2017-01-26T18:27:59Z","26"
"27","2017-01-26T18:16:07Z","2017-01-26T18:15:22Z","3L2IS5HSFAIZ72EASENU0AS9QBSNUW","three","three","three_subordinate","three_subordinate","one","one","one","three","three","three","three","c2_sub2,c2_sub1","c3_sup1,c3_bas1,c3_sub1,c3_sup4,c3_sub2,c3_sup3,c3_bas2,c3_sup2","c3_sub2,c3_bas2,c3_bas1,c3_sub1","c1_sub1,c1_sub2","c1_bas2,c1_bas1,c1_sub2,c1_sub1","c2_bas2,c2_sub1,c2_sub2","c1_sup3,c1_sub1,c1_bas1,c1_sup4,c1_sup1,c1_bas2,c1_sub2","c3_bas2,c3_sub2,c3_sub1,c3_bas1","c2_sub1,c2_bas2,c2_bas1,c2_sub2","c2_bas1,c2_sup4,c2_sub2,c2_bas2,c2_sup2,c2_sup1,c2_sup3,c2_sub1","vegetables","2","three","c3_sub2,c3_sub1","Yes","","c3_sub3-c3_bas3-c3_bas4","c1_sub3-c1_sup5-c1_sup6","c2_sub3-c2_sup6-c2_sup5","c2_bas3-c2_bas4-c2_sub3","c3_sub3","c2_sub3","c1_sub3","three_basic","animals","c3_sup5-c3_sub3-c3_sup6","c2_sub4-c2_sub5-c2_sub3","c1_bas1,c1_sub2,c1_sub1,c1_bas2","vegetables","mep","dit","three","wug","fep","pag","nur","rab","rif","tob","animals","vehicles","c3_sub4-c3_sub5-c3_sub3","c1_bas4-c1_sub3-c1_bas3","c1_sub5-c1_sub4-c1_sub3","animals","vehicles","vegetables","animals","vegetables","vehicles","vehicles","1","zom","english","sib","tev","Female","24","three","one","one","one","three_superordinate","three_basic","three_basic","three_superordinate","three_superordinate","three_subordinate","2017-01-26T17:35:35Z","3GONHBMNHVY7OZPQWY20F3N18EXZMO","","Approved","2017-01-26T18:05:22Z","27"
"28","2017-01-26T17:53:07Z","2017-01-26T17:52:32Z","3LPW2N6LKT2VHD84OER86TSNZQT5UP","three","three","three_superordinate","three_basic","one","one","one","three","three","three","three","c3_bas2,c3_sup1,c3_sub2,c3_sup4,c3_bas1,c3_sup3,c3_sub1","c2_sub2,c2_sub1","c3_sub1,c3_bas1,c3_sub2,c3_bas2","c3_bas1,c3_bas2,c3_sub2","c2_bas1,c2_bas2,c2_sub1,c2_sub2","c1_sub1,c1_sub2,c1_bas2,c1_bas1","c3_sub2,c3_sub1","c1_sup3,c1_sub2,c1_sup4,c1_sup1,c1_bas2,c1_bas1,c1_sup2,c1_sub1","c2_bas1,c2_sub1,c2_sub2,c2_bas2","c1_bas2,c1_sub1,c1_bas1,c1_sub2","vegetables","2","three","c2_bas1,c2_sup4,c2_sup2,c2_sup1,c2_sub1,c2_bas2,c2_sup3,c2_sub2","Yes","","c1_sup6-c1_sub3-c1_sup5","c3_sub3-c3_sub4-c3_sub5","c1_bas3-c1_bas4-c1_sub3","c2_bas3-c2_bas4-c2_sub3","c3_sub3","c1_sub3","c2_sub3","three_subordinate","vehicles","c2_sub5-c2_sub4-c2_sub3","c3_sup5-c3_sub3-c3_sup6","c1_sub1,c1_sub2","animals","tob","wug","three","tev","rab","dit","nur","zom","fep","sib","vehicles","animals","c2_sup5-c2_sup6-c2_sub3","c1_sub3-c1_sub5-c1_sub4","c3_sub3-c3_bas3-c3_bas4","animals","vegetables","vehicles","vegetables","animals","vegetables","vehicles","2","rif","English","mep","pag","Female","26","three","one","one","one","three_basic","three_basic","three_superordinate","three_subordinate","three_subordinate","three_superordinate","2017-01-26T17:35:20Z","3GONHBMNHVY7OZPQWY20F3N18EXZMO","","Approved","2017-01-26T17:42:32Z","28"
"29","2017-01-26T18:07:07Z","2017-01-26T18:06:42Z","3MD9PLUKKIEGT18KY1M2H27OST7NZL","three","three","three_basic","three_subordinate","one","one","one","three","three","three","three","c1_sup1,c1_bas2,c1_sup3,c1_bas1,c1_sub1,c1_sub2,c1_sup4,c1_sup2","c2_sub2,c2_sup4,c2_sup1,c2_sup3,c2_bas2,c2_bas1,c2_sub1","c2_sub2,c2_sub1","c3_sub2,c3_sub1","c1_sub2,c1_sub1","c3_sub2,c3_sub1","c3_bas1,c3_bas2,c3_sub1,c3_sup3,c3_sup4,c3_sub2,c3_sup1,c3_sup2","c2_sub2,c2_sub1","c3_bas1,c3_sub1,c3_sub2,c3_bas2","c1_sub1,c1_sub2","vehicles","3","three","c1_sub1,c1_sub2,c1_bas2,c1_bas1","Yes","","c2_sub4-c2_sub5-c2_sub3","c3_sub3-c3_sup6-c3_sup5","c1_sub4-c1_sub3-c1_sub5","c3_bas4-c3_sub3-c3_bas3","c2_sub3","c3_sub3","c1_sub3","three_basic","vegetables","c2_sub3-c2_sup6-c2_sup5","c1_sup6-c1_sub3-c1_sup5","c2_sub2,c2_bas1,c2_sub1,c2_bas2","animals","rif","pag","three","rab","dit","wug","zom","sib","nur","fep","vehicles","vegetables","c1_sub3-c1_bas3-c1_bas4","c2_bas4-c2_sub3-c2_bas3","c3_sub5-c3_sub3-c3_sub4","vehicles","animals","vegetables","vehicles","animals","vegetables","animals","2","mep","English","tob","tev","Female","27","three","one","one","one","three_subordinate","three_basic","three_subordinate","three_superordinate","three_superordinate","three_superordinate","2017-01-26T17:35:56Z","3GONHBMNHVY7OZPQWY20F3N18EXZMO","","Approved","2017-01-26T17:56:42Z","29"
"30","2017-01-26T18:40:07Z","2017-01-26T18:39:19Z","3MRNMEIQW56N2003U6HQDIKWZGXLDI","three","three","three_superordinate","three_subordinate","one","one","one","three","three","three","three","c1_sub1,c1_bas2,c1_bas1,c1_sub2,c1_sup1,c1_sup4,c1_sup3,c1_sup2","c3_bas1,c3_sub2,c3_bas2,c3_sub1","c3_sub1,c3_sub2","c1_bas1,c1_sub2,c1_sub1,c1_bas2","c2_sub2,c2_sub1","c1_sub1,c1_sub2","c3_sub2,c3_sub1","c1_sub2,c1_sub1,c1_bas2,c1_bas1","c2_bas2,c2_sub1,c2_bas1,c2_sub2","c2_sub1,c2_sub2","animals","2","three","c2_sup3,c2_bas1,c2_sub1,c2_sup1,c2_bas2,c2_sub2,c2_sup2","No","","c1_bas3-c1_sub3-c1_bas4","c3_sub4-c3_sub5-c3_sub3","c2_sub3-c2_sub5-c2_sub4","c2_bas3-c2_bas4-c2_sub3","c3_sub3","c1_sub3","c2_sub3","three_superordinate","vehicles","c3_bas3-c3_sub3-c3_bas4","c1_sub3-c1_sup6-c1_sup5","c3_sup4,c3_sub1,c3_sup1,c3_bas1,c3_bas2,c3_sup3,c3_sub2","vegetables","dit","rab","three","rif","wug","nur","tev","tob","fep","sib","animals","vegetables","c2_sup5-c2_sub3-c2_sup6","c3_sup5-c3_sup6-c3_sub3","c1_sub5-c1_sub3-c1_sub4","animals","vegetables","vehicles","vegetables","animals","vehicles","vehicles","2","zom","English","pag","mep","Male","26","three","one","one","one","three_subordinate","three_basic","three_basic","three_subordinate","three_basic","three_superordinate","2017-01-26T17:35:29Z","3GONHBMNHVY7OZPQWY20F3N18EXZMO","","Approved","2017-01-26T18:29:19Z","30"
"31","2017-01-26T18:24:07Z","2017-01-26T18:23:21Z","3OUYGIZWR7YJU1E7AMM2FS9XA1Q0P3","three","three","three_superordinate","three_subordinate","one","one","one","three","three","three","three","c2_sub1,c2_sup3,c2_sup4,c2_sup1,c2_sub2","c1_sub2,c1_bas1,c1_sub1,c1_bas2","c2_sub1,c2_sub2,c2_bas2,c2_bas1","c2_sub1,c2_sub2","c3_bas1,c3_bas2,c3_sub2,c3_sub1","c1_sub2,c1_bas2,c1_bas1,c1_sub1","c3_sub1,c3_bas1,c3_sub2,c3_bas2","c3_sub2,c3_sub1,c3_bas1,c3_bas2","c1_sub1,c1_bas1,c1_sub2,c1_bas2","c2_bas1,c2_sub2,c2_sub1","animals","3","three","c1_sub2,c1_bas2,c1_sup2,c1_sup3,c1_sup4,c1_sup1,c1_bas1,c1_sub1","NA","","c3_sub3-c3_sup5-c3_sup6","c3_bas4-c3_sub3-c3_bas3","c2_bas4-c2_sub3-c2_bas3","c1_bas3-c1_sub3-c1_bas4","c2_sub3","c1_sub3","c3_sub3","three_subordinate","vegetables","c1_sub5-c1_sub4-c1_sub3","c2_sup5-c2_sub3-c2_sup6","c3_sub2,c3_sub1","vehicles","sib","fep","three","rif","tob","mep","nur","pag","wug","dit","vegetables","vehicles","c1_sub3-c1_sup5-c1_sup6","c3_sub5-c3_sub3-c3_sub4","c2_sub3-c2_sub4-c2_sub5","vehicles","vegetables","animals","animals","animals","vehicles","vegetables","2","rab","English","tev","zom","","","three","one","one","one","three_basic","three_basic","three_superordinate","three_basic","three_subordinate","three_superordinate","2017-01-26T17:35:49Z","3GONHBMNHVY7OZPQWY20F3N18EXZMO","","Approved","2017-01-26T18:13:21Z","31"
"32","2017-01-26T18:24:07Z","2017-01-26T18:23:15Z","3OXV7EAXLEQ71NVZED5CBQGNI8K36V","three","three","three_subordinate","three_basic","one","one","one","three","three","three","three","c2_sub2,c2_bas2,c2_sub1","c1_bas2,c1_bas1,c1_sub2,c1_sub1","c1_sub1,c1_sub2","c1_bas1,c1_sub1,c1_sub2","c3_sub2","c2_sub1,c2_sub2","c1_sub2,c1_sub1,c1_bas1,c1_bas2","c3_sub2,c3_sub1,c3_bas1","c2_bas2,c2_sub1,c2_sub2","c3_sup1,c3_bas2,c3_bas1,c3_sub2,c3_sup3","vehicles","2","three","c3_sub1,c3_sub2","NA","","c3_sub3-c3_bas4-c3_bas3","c1_sub3-c1_sup6-c1_sup5","c3_sup6-c3_sub3-c3_sup5","c2_sup6-c2_sup5-c2_sub3","c1_sub3","c2_sub3","c3_sub3","three_subordinate","animals","c1_sub3-c1_sub4-c1_sub5","c2_bas4-c2_bas3-c2_sub3","c2_sub1,c2_sub2","vegetables","wug","nur","three","sib","tob","dit","rab","zom","pag","tev","vegetables","vehicles","c3_sub4-c3_sub5-c3_sub3","c2_sub5-c2_sub3-c2_sub4","c1_sub3-c1_bas4-c1_bas3","vegetables","vehicles","animals","animals","vegetables","animals","vehicles","2","fep","english","rif","mep","Female","25","three","one","one","one","three_superordinate","three_superordinate","three_basic","three_superordinate","three_subordinate","three_basic","2017-01-26T17:35:24Z","3GONHBMNHVY7OZPQWY20F3N18EXZMO","","Approved","2017-01-26T18:13:15Z","32"
"33","2017-01-26T17:50:07Z","2017-01-26T17:49:52Z","3P59JYT76LKOI3AS6QZ03Q39W2UT2K","three","three","three_subordinate","three_basic","one","one","one","three","three","three","three","c1_sub2,c1_bas2,c1_bas1,c1_sub1","c1_sub2,c1_sub1","c1_sub2,c1_sub1","c2_sub2,c2_sub1,c2_bas2,c2_bas1","c3_bas1,c3_sub1,c3_bas2,c3_sub2","c2_sub1,c2_sub2","c2_sup1,c2_sup4,c2_sup3,c2_sup2,c2_bas2,c2_sub2,c2_bas1,c2_sub1","c2_sub1,c2_sub2","c3_sup1,c3_sub1,c3_sup3,c3_bas1,c3_sup2,c3_sup4,c3_bas2,c3_sub2","c1_sup4,c1_bas1,c1_bas2,c1_sup2,c1_sup3,c1_sup1,c1_sub1,c1_sub2","animals","2","three","c3_sub2,c3_sub1","NA","Thank you :) ","c2_sub5-c2_sub3-c2_sub4","c2_sup5-c2_sup6-c2_sub3","c1_sup5-c1_sup6-c1_sub3","c3_sub3-c3_sup6-c3_sup5","c1_sub3","c2_sub3","c3_sub3","three_basic","animals","c1_sub5-c1_sub4-c1_sub3","c1_sub3-c1_bas4-c1_bas3","c3_sub1,c3_bas1,c3_bas2,c3_sub2","vehicles","sib","rif","three","mep","tev","zom","tob","dit","nur","wug","vegetables","vegetables","c3_sub4-c3_sub5-c3_sub3","c3_bas3-c3_bas4-c3_sub3","c2_bas4-c2_sub3-c2_bas3","vegetables","vehicles","animals","vehicles","vehicles","vegetables","animals","2","rab","English","fep","pag","","","three","one","one","one","three_superordinate","three_superordinate","three_subordinate","three_superordinate","three_subordinate","three_basic","2017-01-26T17:35:26Z","3GONHBMNHVY7OZPQWY20F3N18EXZMO","","Approved","2017-01-26T17:39:52Z","33"
"34","2017-01-26T18:13:07Z","2017-01-26T18:12:19Z","3QECW5O0KH1GH0TFO91Y1X6LGCM5TY","three","three","three_basic","three_basic","one","one","one","three","three","three","three","c3_sub2,c3_sub1","c2_bas2,c2_bas1,c2_sub2,c2_sup1,c2_sup3,c2_sup2,c2_sup4","c3_bas1,c3_sub2,c3_sub1,c3_bas2","c3_sub1,c3_bas2,c3_bas1,c3_sub2","c1_sub2,c1_sub1,c1_bas2,c1_bas1","c2_bas2,c2_sub2,c2_sub1,c2_bas1","c3_bas1,c3_sub1,c3_sub2,c3_bas2,c3_sup1,c3_sup3,c3_sup4","c2_sub1,c2_sub2","c1_sub2,c1_sub1","c1_bas1,c1_bas2,c1_sup4,c1_sup1,c1_sup3,c1_sub2,c1_sub1","vehicles","3","three","c1_bas1,c1_sub2,c1_bas2,c1_sub1","Yes","","c2_sub5-c2_sub3-c2_sub4","c3_sup5-c3_sup6-c3_sub3","c1_sup6-c1_sup5-c1_sub3","c1_sub3-c1_sub5-c1_sub4","c3_sub3","c2_sub3","c1_sub3","three_basic","vegetables","c2_sup5-c2_sub3-c2_sup6","c3_sub3-c3_sub4-c3_sub5","c2_bas2,c2_bas1,c2_sub2,c2_sub1","animals","zom","pag","three","wug","fep","rab","tob","nur","dit","sib","vehicles","animals","c1_sub3-c1_bas3-c1_bas4","c2_sub3-c2_bas3-c2_bas4","c3_sub3-c3_bas3-c3_bas4","animals","vehicles","vegetables","vehicles","animals","vegetables","vegetables","2","rif","English","tev","mep","Female","35","three","one","one","one","three_superordinate","three_subordinate","three_subordinate","three_superordinate","three_superordinate","three_subordinate","2017-01-26T17:35:19Z","3GONHBMNHVY7OZPQWY20F3N18EXZMO","","Approved","2017-01-26T18:02:19Z","34"
"35","2017-01-26T17:57:07Z","2017-01-26T17:56:38Z","3QHK8ZVMIMIUN32JGAQKISWWWVLLBB","three","three","three_superordinate","three_superordinate","one","one","one","three","three","three","three","c2_sub1,c2_sub2","c3_sub1,c3_bas1,c3_sub2,c3_bas2","c2_sub2,c2_sub1","c1_sub2,c1_sup4,c1_sub1,c1_bas1,c1_sup1,c1_sup2,c1_bas2,c1_sup3","c1_sub1,c1_sub2","c3_sub1,c3_sub2","c2_sup1,c2_sup4,c2_sub2,c2_sup3,c2_sub1,c2_bas1,c2_bas2","c1_bas2,c1_sub2,c1_sub1,c1_bas1","c2_bas1,c2_bas2,c2_sub1,c2_sub2","c1_sub1,c1_sub2","animals","3","three","c3_bas1,c3_sup3,c3_sup2,c3_sub2,c3_bas2,c3_sup4,c3_sub1,c3_sup1","Yes","","c1_sub3-c1_bas4-c1_bas3","c2_sup6-c2_sup5-c2_sub3","c1_sub3-c1_sub4-c1_sub5","c2_sub3-c2_bas4-c2_bas3","c2_sub3","c3_sub3","c1_sub3","three_subordinate","animals","c3_bas4-c3_bas3-c3_sub3","c2_sub5-c2_sub3-c2_sub4","c3_sub2,c3_sub1","vegetables","sib","wug","three","nur","rab","rif","zom","dit","tob","mep","animals","vehicles","c3_sup6-c3_sub3-c3_sup5","c3_sub5-c3_sub4-c3_sub3","c1_sup6-c1_sup5-c1_sub3","vehicles","animals","vegetables","vegetables","vehicles","vegetables","vehicles","1","tev","english","fep","pag","Female","37","three","one","one","one","three_subordinate","three_basic","three_basic","three_superordinate","three_basic","three_subordinate","2017-01-26T17:35:25Z","3GONHBMNHVY7OZPQWY20F3N18EXZMO","","Approved","2017-01-26T17:46:38Z","35"
"36","2017-01-26T18:02:07Z","2017-01-26T18:01:47Z","3R2UR8A0IAG96R8HYYYUZ6RIA3EXOD","three","three","three_superordinate","three_basic","one","one","one","three","three","three","three","c1_bas2,c1_sub2,c1_sup2,c1_sup3,c1_sub1,c1_sup4,c1_sup1,c1_bas1","c1_sub2,c1_sub1","c2_sub1,c2_bas2,c2_bas1,c2_sub2","c2_sub2,c2_bas1,c2_sub1,c2_bas2","c1_sub1,c1_bas1,c1_bas2,c1_sub2","c3_bas2,c3_bas1,c3_sub2,c3_sub1","c2_sub2,c2_sub1","c1_sub1,c1_bas1,c1_bas2,c1_sub2","c3_bas2,c3_bas1,c3_sub1,c3_sub2","c3_sub2,c3_sub1","vehicles","3","three","c3_sub1,c3_sup1,c3_bas1,c3_sup3,c3_sup2,c3_sub2,c3_sup4,c3_bas2","Yes","fun and different!","c1_bas4-c1_sub3-c1_bas3","c2_sub4-c2_sub3-c2_sub5","c3_sub4-c3_sub5-c3_sub3","c3_bas3-c3_sub3-c3_bas4","c2_sub3","c3_sub3","c1_sub3","three_superordinate","animals","c1_sub4-c1_sub3-c1_sub5","c1_sup5-c1_sub3-c1_sup6","c2_sup3,c2_sup1,c2_sup4,c2_sub1,c2_bas1,c2_sup2,c2_bas2,c2_sub2","vehicles","fep","wug","three","sib","pag","tob","rif","zom","tev","mep","vegetables","vegetables","c3_sup5-c3_sup6-c3_sub3","c2_sup6-c2_sup5-c2_sub3","c2_sub3-c2_bas3-c2_bas4","vehicles","animals","vegetables","vegetables","vehicles","animals","animals","2","rab","english","nur","dit","Female","65","three","one","one","one","three_subordinate","three_basic","three_basic","three_subordinate","three_subordinate","three_superordinate","2017-01-26T17:35:45Z","3GONHBMNHVY7OZPQWY20F3N18EXZMO","","Approved","2017-01-26T17:51:47Z","36"
"37","2017-01-26T18:37:07Z","2017-01-26T18:36:52Z","3RWE2M8QWHAJRG2UU79AB342AMP0N7","three","three","three_basic","three_subordinate","one","one","one","three","three","three","three","c2_sub2,c2_bas2,c2_bas1,c2_sub1","c1_bas2,c1_bas1,c1_sub2,c1_sup4,c1_sub1,c1_sup1,c1_sup2,c1_sup3","c2_sub2,c2_sub1","c3_sub1,c3_sub2","c3_sub2,c3_sub1","c1_sub2,c1_sub1","c1_sub2,c1_sub1","c3_sub2,c3_bas1,c3_bas2,c3_sub1,c3_sup3,c3_sup4,c3_sup1","c1_sub2,c1_sub1,c1_bas1,c1_bas2","c2_sub2,c2_sub1","vehicles","2","three","c3_bas2,c3_bas1,c3_sub1,c3_sub2","Yes","None","c3_sup6-c3_sub3-c3_sup5","c1_sub5-c1_sub4-c1_sub3","c2_sub5-c2_sub4-c2_sub3","c1_bas4-c1_sub3-c1_bas3","c2_sub3","c1_sub3","c3_sub3","three_superordinate","animals","c1_sub3-c1_sup5-c1_sup6","c2_bas4-c2_bas3-c2_sub3","c2_sup3,c2_sub1,c2_bas1,c2_bas2,c2_sub2,c2_sup4,c2_sup1","animals","dit","mep","three","zom","tev","nur","rif","sib","wug","tob","vegetables","vehicles","c3_bas3-c3_sub3-c3_bas4","c2_sup6-c2_sub3-c2_sup5","c3_sub3-c3_sub5-c3_sub4","vehicles","vegetables","animals","animals","vegetables","vehicles","vegetables","1","pag","English","rab","fep","Male","40","three","one","one","one","three_subordinate","three_basic","three_superordinate","three_subordinate","three_superordinate","three_basic","2017-01-26T18:22:34Z","3GONHBMNHVY7OZPQWY20F3N18EXZMO","","Approved","2017-01-26T18:26:52Z","37"
"38","2017-01-26T18:13:07Z","2017-01-26T18:12:10Z","3TUI152ZZBN412046I5RT2IHKPHQ1M","three","three","three_subordinate","three_superordinate","one","one","one","three","three","three","three","c2_sub2,c2_bas1,c2_bas2,c2_sub1","c2_sub1,c2_bas1,c2_sub2,c2_bas2","c2_bas2,c2_bas1,c2_sub2","c3_sup1,c3_sub2,c3_sup4,c3_bas2,c3_sup3,c3_bas1,c3_sub1","c1_bas2,c1_sub1,c1_sub2,c1_bas1","c3_sub2,c3_bas1,c3_sub1","c1_sub1,c1_sub2,c1_bas2,c1_bas1","c1_sub1,c1_bas2,c1_sub2,c1_bas1","c2_sub2,c2_sup4,c2_sup1,c2_sub1,c2_bas2,c2_sup2,c2_bas1,c2_sup3","c1_sub1,c1_sub2,c1_bas1,c1_sup2,c1_sup1,c1_sup4,c1_bas2,c1_sup3","animals","3","three","c3_sub2,c3_sub1","Yes","I was hoping there wouldn't be a quiz about the names following the game. LOL. ","c1_bas4-c1_bas3-c1_sub3","c1_sub5-c1_sub3-c1_sub4","c1_sup6-c1_sub3-c1_sup5","c2_sup5-c2_sup6-c2_sub3","c2_sub3","c3_sub3","c1_sub3","three_basic","animals","c2_sub3-c2_bas4-c2_bas3","c2_sub5-c2_sub4-c2_sub3","c3_bas2,c3_sub2,c3_sub1,c3_bas1","animals","tob","pag","three","tev","rif","nur","wug","zom","dit","fep","vehicles","vehicles","c3_sub3-c3_sub4-c3_sub5","c3_sub3-c3_bas4-c3_bas3","c3_sup5-c3_sub3-c3_sup6","vehicles","animals","vegetables","vegetables","vegetables","vegetables","vehicles","2","sib","english","rab","mep","Female","52","three","one","one","one","three_superordinate","three_superordinate","three_basic","three_subordinate","three_basic","three_subordinate","2017-01-26T17:54:40Z","3GONHBMNHVY7OZPQWY20F3N18EXZMO","","Approved","2017-01-26T18:02:10Z","38"
"39","2017-01-26T18:27:07Z","2017-01-26T18:26:34Z","3U0SRXB7CD57RAMTOKSPVZ5PJCONRS","three","three","three_superordinate","three_subordinate","one","one","one","three","three","three","three","c3_sup4,c3_bas2,c3_sup3,c3_bas1,c3_sup2,c3_sub2,c3_sub1","c1_bas2,c1_bas1,c1_sub1,c1_sub2","c1_sub2,c1_sub1","c2_sub2,c2_sub1,c2_bas2,c2_bas1","c3_sub1,c3_sub2","c2_sub2,c2_sub1","c2_bas2,c2_sub2,c2_bas1,c2_sub1","c2_bas2,c2_sup1,c2_sup3,c2_sup4,c2_bas1,c2_sub1,c2_sub2","c3_sub2,c3_sub1","c3_sub2,c3_sub1,c3_bas2,c3_bas1","vegetables","3","three","c1_sup1,c1_sup4,c1_bas1,c1_sub1,c1_bas2,c1_sub2,c1_sup3,c1_sup2","NA","thank you!","c2_sub3-c2_sup5-c2_sup6","c2_bas4-c2_bas3-c2_sub3","c3_sub3-c3_bas4-c3_bas3","c3_sub5-c3_sub3-c3_sub4","c1_sub3","c2_sub3","c3_sub3","three_subordinate","vegetables","c1_bas4-c1_bas3-c1_sub3","c3_sub3-c3_sup5-c3_sup6","c1_sub1,c1_sub2,c1_bas1,c1_bas2","vehicles","dit","rab","three","sib","fep","tev","wug","nur","tob","pag","vegetables","animals","c1_sub3-c1_sup5-c1_sup6","c1_sub5-c1_sub4-c1_sub3","c2_sub5-c2_sub3-c2_sub4","vegetables","vehicles","animals","vehicles","vehicles","animals","animals","1","rif","english","mep","zom","","","three","one","one","one","three_basic","three_subordinate","three_superordinate","three_basic","three_basic","three_superordinate","2017-01-26T17:35:27Z","3GONHBMNHVY7OZPQWY20F3N18EXZMO","","Approved","2017-01-26T18:16:34Z","39"
"40","2017-01-26T18:33:07Z","2017-01-26T18:32:53Z","3U8YCDAGXPG4UDFMAZ1RFXZ7FXC0QU","three","three","three_basic","three_superordinate","one","one","one","three","three","three","three","c3_sub2,c3_sub1","c2_bas2,c2_bas1,c2_sub1,c2_sub2","c3_sub2,c3_sub1","c3_sup2,c3_sub1,c3_sup3,c3_bas1,c3_sub2,c3_sup1,c3_sup4,c3_bas2","c2_sub1,c2_sub2","c1_sub1,c1_bas2,c1_bas1,c1_sub2","c1_bas1,c1_sub2,c1_sup1,c1_sup3,c1_bas2,c1_sup4,c1_sup2,c1_sub1","c2_sub2,c2_bas2,c2_sub1,c2_bas1","c2_sup1,c2_sub2,c2_sup3,c2_sub1,c2_sup4,c2_bas2,c2_bas1","c3_sub1,c3_bas1,c3_bas2","vegetables","3","three","c1_sub2,c1_sub1,c1_bas1,c1_bas2","Yes","","c2_sub3-c2_sub4-c2_sub5","c1_sub3-c1_sup6-c1_sup5","c3_sub3-c3_bas4-c3_bas3","c2_sup6-c2_sub3-c2_sup5","c3_sub3","c1_sub3","c2_sub3","three_subordinate","vegetables","c2_bas3-c2_bas4-c2_sub3","c3_sub3-c3_sub5-c3_sub4","c1_sub1,c1_bas2,c1_bas1,c1_sub2","animals","wug","sib","three","tev","nur","fep","mep","rab","pag","dit","vehicles","animals","c1_sub3-c1_bas3-c1_bas4","c1_sub4-c1_sub3-c1_sub5","c3_sub3-c3_sup6-c3_sup5","animals","vegetables","vehicles","vehicles","vegetables","animals","vehicles","1","zom","English","rif","tob","Male","23","three","one","one","one","three_basic","three_superordinate","three_subordinate","three_superordinate","three_basic","three_subordinate","2017-01-26T17:35:55Z","3GONHBMNHVY7OZPQWY20F3N18EXZMO","","Approved","2017-01-26T18:22:53Z","40"
"41","2017-01-26T18:32:07Z","2017-01-26T18:32:00Z","3UN61F00HWP31LGNKKW31I53SRP5RL","three","three","three_superordinate","three_basic","one","one","one","three","three","three","three","c1_sub1,c1_sub2","c3_bas1,c3_sub1,c3_bas2,c3_sub2","c2_sub2,c2_sub1","c1_bas2,c1_sub2,c1_bas1,c1_sub1","c1_sub1,c1_sub2","c3_sub2,c3_sub1","c3_sub1,c3_sub2","c2_sub1,c2_sub2","c2_sup1,c2_bas2,c2_bas1,c2_sup3,c2_sub1,c2_sub2,c2_sup2,c2_sup4","c1_sup4,c1_bas2,c1_bas1,c1_sub1,c1_sub2,c1_sup2,c1_sup3,c1_sup1","vehicles","3","three","c3_bas1,c3_sub2,c3_sup4,c3_sup1,c3_sub1,c3_bas2,c3_sup2,c3_sup3","NA","","c2_sub5-c2_sub3-c2_sub4","c3_sub4-c3_sub5-c3_sub3","c1_sup5-c1_sup6-c1_sub3","c2_sup6-c2_sub3-c2_sup5","c2_sub3","c3_sub3","c1_sub3","three_basic","animals","c3_bas4-c3_bas3-c3_sub3","c1_sub4-c1_sub5-c1_sub3","c2_bas2,c2_bas1,c2_sub1,c2_sub2","vegetables","wug","pag","three","rif","zom","tob","dit","tev","sib","rab","animals","vegetables","c3_sub3-c3_sup5-c3_sup6","c2_bas4-c2_bas3-c2_sub3","c1_bas3-c1_bas4-c1_sub3","vehicles","animals","vegetables","vehicles","animals","vegetables","vehicles","2","fep","English","mep","nur","","","three","one","one","one","three_superordinate","three_superordinate","three_subordinate","three_subordinate","three_basic","three_subordinate","2017-01-26T17:35:11Z","3GONHBMNHVY7OZPQWY20F3N18EXZMO","","Approved","2017-01-26T18:22:00Z","41"
"42",NA,"2017-01-26T19:43:39Z","3WAKVUDHUWGA4HMNC7654D6JQWOU7T","three","three","three_superordinate","three_subordinate","one","one","one","three","three","three","three","c3_bas1,c3_bas2,c3_sub1,c3_sub2","c1_sub2,c1_sub1","c2_bas1,c2_bas2,c2_sub2,c2_sub1","c3_sub1,c3_sub2","c1_sub2,c1_bas1,c1_bas2,c1_sub1","c3_bas2,c3_sub1,c3_bas1,c3_sub2","c1_sub1,c1_bas2,c1_sub2,c1_bas1","c2_sub2,c2_sub1","c1_sub2,c1_bas1,c1_sub1,c1_bas2,c1_sup3,c1_sup4,c1_sup1","c2_sub1,c2_bas2,c2_bas1,c2_sub2","animals","2","three","c2_sup1,c2_sup3,c2_bas2,c2_sub1,c2_sub2,c2_sup4,c2_bas1,c2_sup2","Yes","","c2_sub5-c2_sub4-c2_sub3","c1_sub3-c1_bas3-c1_bas4","c2_sub3-c2_bas4-c2_bas3","c1_sup6-c1_sup5-c1_sub3","c2_sub3","c3_sub3","c1_sub3","three_superordinate","vehicles","c1_sub4-c1_sub5-c1_sub3","c3_bas4-c3_sub3-c3_bas3","c3_sup3,c3_sup4,c3_sup2,c3_bas2,c3_sup1,c3_sub1,c3_sub2,c3_bas1","animals","mep","rif","three","tob","sib","pag","fep","rab","wug","nur","vegetables","animals","c2_sup6-c2_sub3-c2_sup5","c3_sup6-c3_sub3-c3_sup5","c3_sub3-c3_sub5-c3_sub4","vehicles","animals","vegetables","vehicles","vegetables","vehicles","vegetables","2","tev","English","zom","dit","Female","32","three","one","one","one","three_basic","three_superordinate","three_subordinate","three_basic","three_subordinate","three_basic","2017-01-26T19:22:17Z","3GONHBMNHVY7OZPQWY20F3N18EXZMO","","Submitted","2017-01-26T19:33:39Z","42"
"43","2017-01-26T18:33:07Z","2017-01-26T18:32:44Z","3WMOAN2SRBXZKH3AX4XZWWUS4I1NVL","three","three","three_superordinate","three_basic","one","one","one","three","three","three","three","c1_bas2,c1_bas1,c1_sub2,c1_sub1","c3_sub1,c3_sub2","c2_sub1,c2_sub2","c3_sub1,c3_sub2","c3_sub1,c3_sub2","c1_sub2,c1_sub1","c1_sub1,c1_sub2","c2_bas1,c2_sub2,c2_sub1,c2_bas2","c1_sub2,c1_sub1","c2_sub1,c2_sub2","animals","3","three","c2_sub2,c2_sub1","NA","Fun to try and guess how specific the category was","c2_bas3-c2_bas4-c2_sub3","c1_sub4-c1_sub3-c1_sub5","c2_sub4-c2_sub3-c2_sub5","c1_sup6-c1_sub3-c1_sup5","c2_sub3","c1_sub3","c3_sub3","three_subordinate","vehicles","c3_sub3-c3_sup5-c3_sup6","c1_bas4-c1_bas3-c1_sub3","c3_sub1,c3_sub2","animals","rif","pag","three","tev","nur","zom","rab","tob","mep","fep","animals","vegetables","c2_sub3-c2_sup6-c2_sup5","c3_sub4-c3_sub3-c3_sub5","c3_sub3-c3_bas4-c3_bas3","vehicles","vegetables","animals","vehicles","vegetables","vehicles","vegetables","2","dit","English","sib","wug","","","three","one","one","one","three_subordinate","three_superordinate","three_basic","three_subordinate","three_superordinate","three_basic","2017-01-26T17:35:36Z","3GONHBMNHVY7OZPQWY20F3N18EXZMO","","Approved","2017-01-26T18:22:44Z","43"
"44","2017-01-26T18:38:07Z","2017-01-26T18:37:45Z","3WOKGM4L71G19126VM9NQS470WU0OM","three","three","three_subordinate","three_basic","one","one","one","three","three","three","three","c2_sup1,c2_sub1,c2_sup3,c2_sub2,c2_bas2,c2_sup4,c2_bas1","c3_sup1,c3_sub1,c3_sub2,c3_bas1,c3_bas2,c3_sup2,c3_sup3,c3_sup4","c2_sub1,c2_sub2","c1_sub1,c1_sub2,c1_bas2,c1_bas1","c3_sub2,c3_sub1","c1_sub1,c1_sub2","c1_sub2,c1_sub1","c1_bas2,c1_sub1,c1_sub2,c1_bas1","c3_bas1,c3_bas2,c3_sub1,c3_sub2","c2_bas1,c2_sub1,c2_sub2,c2_bas2","animals","3","three","c2_sub1,c2_sub2","NA","","c1_sup6-c1_sub3-c1_sup5","c1_sub3-c1_sub4-c1_sub5","c2_sub3-c2_bas4-c2_bas3","c3_sub3-c3_bas3-c3_bas4","c2_sub3","c1_sub3","c3_sub3","three_subordinate","vehicles","c3_sub3-c3_sup6-c3_sup5","c2_sub3-c2_sup5-c2_sup6","c3_sub1,c3_sub2","vegetables","mep","tev","three","pag","nur","dit","rab","zom","rif","sib","animals","vehicles","c2_sub4-c2_sub3-c2_sub5","c3_sub3-c3_sub4-c3_sub5","c1_sub3-c1_bas3-c1_bas4","vehicles","vegetables","animals","vegetables","vegetables","vehicles","animals","2","tob","English","fep","wug","","","three","one","one","one","three_basic","three_basic","three_superordinate","three_subordinate","three_superordinate","three_superordinate","2017-01-26T17:35:46Z","3GONHBMNHVY7OZPQWY20F3N18EXZMO","","Approved","2017-01-26T18:27:45Z","44"
"45","2017-01-26T18:33:07Z","2017-01-26T18:33:03Z","3WS1NTTKEYC73OPDWJQX3YVT8V30F0","three","three","three_basic","three_superordinate","one","one","one","three","three","three","three","c2_sub1","c3_sub1,c3_sub2","c3_sub2,c3_sub1","c1_sub2,c1_sub1","c2_sub1,c2_sub2","c1_sub1,c1_bas2,c1_sub2,c1_bas1","c1_sub1,c1_sub2,c1_bas2,c1_bas1","c1_sub1,c1_sub2","c3_sub2,c3_sub1","c2_bas2,c2_bas1,c2_sub1,c2_sub2","vehicles","3","three","c3_sub1,c3_sub2","NA","","c1_sub4-c1_sub3-c1_sub5","c1_sub3-c1_bas3-c1_bas4","c2_bas3-c2_sub3-c2_bas4","c3_sup6-c3_sup5-c3_sub3","c3_sub3","c1_sub3","c2_sub3","three_subordinate","animals","c3_sub5-c3_sub4-c3_sub3","c2_sup6-c2_sub3-c2_sup5","c2_sub1,c2_sub2","vegetables","mep","fep","three","rif","wug","zom","sib","tev","dit","rab","animals","vehicles","c3_sub3-c3_bas4-c3_bas3","c2_sub5-c2_sub4-c2_sub3","c1_sub3-c1_sup5-c1_sup6","animals","vegetables","vehicles","vegetables","vegetables","vehicles","animals","2","tob","English","pag","nur","","","three","one","one","one","three_basic","three_superordinate","three_subordinate","three_basic","three_subordinate","three_superordinate","2017-01-26T17:35:13Z","3GONHBMNHVY7OZPQWY20F3N18EXZMO","","Approved","2017-01-26T18:23:03Z","45"
"46","2017-01-26T17:53:07Z","2017-01-26T17:52:28Z","3WSELTNVR32DN65WJ5SF98M78QMTAR","three","three","three_superordinate","three_subordinate","one","one","one","three","three","three","three","c3_sub2,c3_sub1","c3_sub1,c3_sub2","c3_sub2","c2_sub1,c2_sub2","c1_sub1,c1_sub2","c2_sub2","c2_sub1,c2_sub2,c2_bas2","c2_sup2,c2_bas1,c2_bas2,c2_sup3,c2_sub2,c2_sup1,c2_sub1,c2_sup4","c1_sub1,c1_bas1,c1_bas2,c1_sub2","c1_bas1,c1_sub2,c1_bas2,c1_sub1","animals","3","three","c1_sup3,c1_sub1,c1_sup1,c1_sub2,c1_bas2,c1_sup4,c1_sup2,c1_bas1","Yes","","c2_sup5-c2_sub3-c2_sup6","c2_bas3-c2_sub3-c2_bas4","c1_bas4-c1_sub3-c1_bas3","c1_sub4-c1_sub5-c1_sub3","c3_sub3","c2_sub3","c1_sub3","three_superordinate","vegetables","c3_sub3-c3_bas3-c3_bas4","c3_sub3-c3_sub4-c3_sub5","c3_bas2,c3_sub2,c3_sup1,c3_sup4,c3_sup3,c3_sub1,c3_bas1","vehicles","fep","sib","three","rif","dit","zom","mep","wug","tob","rab","animals","animals","c1_sup6-c1_sub3-c1_sup5","c3_sub3-c3_sup5-c3_sup6","c2_sub5-c2_sub4-c2_sub3","animals","vehicles","vegetables","vehicles","vehicles","vegetables","vegetables","0","nur","english","pag","tev","Male","38","three","one","one","one","three_basic","three_subordinate","three_superordinate","three_basic","three_basic","three_subordinate","2017-01-26T17:36:54Z","3GONHBMNHVY7OZPQWY20F3N18EXZMO","","Approved","2017-01-26T17:42:28Z","46"
"47","2017-01-26T18:24:07Z","2017-01-26T18:23:28Z","3X1FV8S5JXRTAPMOA0K46CLV36FVGL","three","three","three_superordinate","three_basic","one","one","one","three","three","three","three","c3_sup3,c3_sup4,c3_sup1,c3_sup2,c3_bas1,c3_sub2,c3_bas2,c3_sub1","c2_sub2,c2_bas1,c2_sup3,c2_sub1,c2_sup2,c2_sup4,c2_sup1,c2_bas2","c2_sub2,c2_sub1,c2_bas1,c2_bas2","c3_sub1,c3_bas1,c3_bas2,c3_sub2","c3_bas1,c3_sub1,c3_sub2,c3_bas2","c1_bas2,c1_bas1,c1_sub2,c1_sub1","c1_bas2,c1_sub1,c1_bas1,c1_sub2","c1_sub2,c1_sub1","c2_sub2,c2_sub1,c2_bas1,c2_bas2","c3_sub1,c3_sub2","vehicles","3","three","c1_sup1,c1_sub1,c1_bas1,c1_sub2,c1_sup2,c1_bas2,c1_sup3,c1_sup4","Yes","","c1_sub4-c1_sub3-c1_sub5","c1_bas3-c1_sub3-c1_bas4","c3_sub3-c3_sub4-c3_sub5","c2_sub3-c2_bas3-c2_bas4","c2_sub3","c1_sub3","c3_sub3","three_subordinate","vegetables","c2_sub3-c2_sup5-c2_sup6","c3_sub3-c3_sup6-c3_sup5","c2_sub1,c2_sub2","animals","rab","sib","three","dit","rif","pag","tev","zom","fep","nur","vehicles","animals","c1_sub3-c1_sup6-c1_sup5","c2_sub4-c2_sub5-c2_sub3","c3_bas4-c3_bas3-c3_sub3","vehicles","vegetables","animals","vegetables","vegetables","animals","vehicles","2","tob","English","wug","mep","Female","27","three","one","one","one","three_subordinate","three_basic","three_subordinate","three_basic","three_superordinate","three_superordinate","2017-01-26T17:35:26Z","3GONHBMNHVY7OZPQWY20F3N18EXZMO","","Approved","2017-01-26T18:13:28Z","47"
"48","2017-01-26T18:35:07Z","2017-01-26T18:34:37Z","3Y9N9SS8LYB6MWAEO0DQHWQFZU73DN","three","three","three_subordinate","three_basic","one","one","one","three","three","three","three","c1_bas1,c1_sub1,c1_bas2,c1_sub2","c2_sub1,c2_bas2,c2_bas1,c2_sub2","c3_sub2,c3_bas1,c3_bas2,c3_sub1","c3_bas2,c3_sub2,c3_sub1,c3_bas1","c1_sub1,c1_bas2,c1_sub2,c1_bas1","c2_sub1,c2_sub2,c2_bas1,c2_bas2","c2_sub2,c2_sub1,c2_sup1,c2_sup2,c2_sup3,c2_sup4,c2_bas2,c2_bas1","c1_bas1,c1_sup3,c1_sub2,c1_bas2,c1_sup1,c1_sub1,c1_sup2,c1_sup4","c2_sub2,c2_sub1","c1_bas1,c1_sub2,c1_sub1,c1_bas2","animals","2","three","c3_sub1,c3_sub2","Yes","","c1_sub3-c1_sup5-c1_sup6","c2_sup5-c2_sub3-c2_sup6","c1_sub4-c1_sub3-c1_sub5","c2_sub3-c2_sub5-c2_sub4","c3_sub3","c2_sub3","c1_sub3","three_superordinate","animals","c2_sub3-c2_bas4-c2_bas3","c1_bas4-c1_bas3-c1_sub3","c3_bas2,c3_sup3,c3_sup2,c3_bas1,c3_sup4,c3_sub1,c3_sub2,c3_sup1","animals","dit","wug","three","fep","mep","sib","rab","rif","nur","pag","vehicles","vegetables","c3_sub5-c3_sub4-c3_sub3","c3_sub3-c3_sup6-c3_sup5","c3_bas3-c3_sub3-c3_bas4","animals","vehicles","vegetables","vegetables","vehicles","vegetables","vehicles","2","tev","English","tob","zom","Female","34","three","one","one","one","three_subordinate","three_subordinate","three_superordinate","three_superordinate","three_basic","three_basic","2017-01-26T17:35:51Z","3GONHBMNHVY7OZPQWY20F3N18EXZMO","","Approved","2017-01-26T18:24:37Z","48"
"49","2017-01-26T17:50:07Z","2017-01-26T17:50:06Z","3YHH42UU5BFT3GZ9IUTVYB0D5RP0L5","three","three","three_superordinate","three_basic","one","one","one","three","three","three","three","c1_bas1,c1_bas2,c1_sub2,c1_sub1","c2_sub2,c2_sub1","c3_sub1,c3_sub2","c3_bas1,c3_bas2,c3_sub1,c3_sub2","c1_bas2,c1_sub1,c1_bas1,c1_sub2","c2_sub2,c2_sub1","c3_sub1,c3_sub2","c1_sub1,c1_sub2","c1_sup2,c1_sup3,c1_sub2,c1_sub1,c1_sup1,c1_bas1,c1_sup4,c1_bas2","c2_sub1,c2_bas2,c2_sub2,c2_sup1,c2_bas1","animals","4","three","c2_sub2,c2_sup2,c2_sup4,c2_bas2,c2_sup1,c2_bas1,c2_sup3,c2_sub1","Yes","","c1_sub3-c1_sub4-c1_sub5","c3_sub5-c3_sub3-c3_sub4","c2_sub3-c2_bas3-c2_bas4","c1_sup5-c1_sup6-c1_sub3","c3_sub3","c2_sub3","c1_sub3","three_superordinate","vehicles","c2_sub5-c2_sub4-c2_sub3","c1_bas4-c1_sub3-c1_bas3","c3_bas2,c3_sup2,c3_sup4,c3_sup1,c3_sub2,c3_sub1,c3_bas1,c3_sup3","animals","wug","zom","three","tob","fep","rab","pag","nur","tev","rif","vehicles","vegetables","c2_sub3-c2_sup5-c2_sup6","c3_sup6-c3_sup5-c3_sub3","c3_sub3-c3_bas3-c3_bas4","animals","vehicles","vegetables","vegetables","animals","vehicles","vegetables","2","dit","English","sib","mep","Male","30","three","one","one","one","three_basic","three_superordinate","three_subordinate","three_subordinate","three_subordinate","three_basic","2017-01-26T17:35:29Z","3GONHBMNHVY7OZPQWY20F3N18EXZMO","","Approved","2017-01-26T17:40:06Z","49"
"50","2017-01-26T18:22:07Z","2017-01-26T18:21:42Z","3YJ6NA41JBGQW7FTWUW8XXOT9AWJPT","three","three","three_superordinate","three_basic","one","one","one","three","three","three","three","c2_sub2,c2_sub1","c1_sub2,c1_bas1,c1_bas2,c1_sub1","c3_sub1,c3_sub2","c3_sub2,c3_bas1,c3_bas2,c3_sub1","c2_bas2,c2_sub2,c2_sub1,c2_bas1","c1_sub2,c1_sub1,c1_bas2,c1_bas1","c2_sub2,c2_sup2,c2_sup3,c2_bas2,c2_sub1,c2_bas1,c2_sup4,c2_sup1","c1_sup3,c1_sub1,c1_bas2,c1_sup4,c1_sub2,c1_bas1,c1_sup1,c1_sup2","c1_sub2,c1_sub1","c2_bas2,c2_sub2,c2_sub1,c2_bas1","animals","3","three","c3_sup4,c3_sup1,c3_sub1,c3_sub2,c3_bas1,c3_sup3,c3_sup2,c3_bas2","Yes","","c1_sup5-c1_sub3-c1_sup6","c2_sub3-c2_sup6-c2_sup5","c2_sub3-c2_bas3-c2_bas4","c1_sub4-c1_sub5-c1_sub3","c3_sub3","c1_sub3","c2_sub3","three_subordinate","animals","c1_sub3-c1_bas4-c1_bas3","c2_sub3-c2_sub4-c2_sub5","c3_sub1,c3_sub2","animals","rab","mep","three","tev","pag","rif","sib","zom","nur","dit","vegetables","vehicles","c3_sup6-c3_sub3-c3_sup5","c3_sub4-c3_sub3-c3_sub5","c3_sub3-c3_bas4-c3_bas3","animals","vegetables","vehicles","vegetables","vehicles","vehicles","vegetables","2","tob","English","wug","fep","Female","24","three","one","one","one","three_basic","three_subordinate","three_superordinate","three_superordinate","three_basic","three_subordinate","2017-01-26T18:06:51Z","3GONHBMNHVY7OZPQWY20F3N18EXZMO","","Approved","2017-01-26T18:11:42Z","50"
