ApprovalTime,AutoApprovalTime,AssignmentId,trainBlock_T9,trainBlock_T8,condition_T12,condition_T11,trainBlock_T1,trainBlock_T3,trainBlock_T2,trainBlock_T5,trainBlock_T4,trainBlock_T7,trainBlock_T6,selected_T9,selected_T8,selected_T1,selected_T11,selected_T3,selected_T2,selected_T5,selected_T4,selected_T7,selected_T6,category_T10,education,trainBlock_T10,selected_T12,asses,comments,trainPics_T4,trainPics_T5,trainPics_T6,trainPics_T7,trainPics_T1,trainPics_T2,trainPics_T3,condition_T10,category_T12,trainPics_T8,trainPics_T9,selected_T10,category_T11,word_T8,word_T9,trainBlock_T12,word_T4,word_T5,word_T6,word_T7,word_T1,word_T2,word_T3,category_T8,category_T9,trainPics_T12,trainPics_T10,trainPics_T11,category_T1,category_T2,category_T3,category_T4,category_T5,category_T6,category_T7,enjoyment,word_T12,language,word_T10,word_T11,gender,age,trainBlock_T11,condition_T2,condition_T3,condition_T1,condition_T6,condition_T7,condition_T4,condition_T5,condition_T8,condition_T9,AcceptTime,HITId,Assignment,AssignmentStatus,SubmitTime,exp,subids
2016-12-05T22:46:07Z,2016-12-05T22:45:44Z,308Q0PEVB8D999FGXNFBZ69EPRAI94,three,three,three_superordinate,three_subordinate,one,one,one,three,three,three,three,"c2_sub2,c2_sub1","c1_sub1,c1_sub2,c1_bas1,c1_bas2",c2_sub1,"c1_sub2,c1_sub1","c1_sub2,c1_sub1","c3_sub2,c3_sub1","c3_sub2,c3_sub1","c1_sub1,c1_sub2","c2_sub1,c2_bas1,c2_bas2,c2_sub2","c3_sub2,c3_sub1",vehicles,3,three,"c3_sup4,c3_bas2,c3_sub1,c3_sup3,c3_sup1,c3_bas1,c3_sub2,c3_sup2",Yes,NA,c1_sup6-c1_sub3-c1_sup5,c3_sub3-c3_bas4-c3_bas3,c3_sub3-c3_sub4-c3_sub5,c2_bas3-c2_sub3-c2_bas4,c2_sub3,c3_sub3,c1_sub3,three_superordinate,animals,c1_bas4-c1_sub3-c1_bas3,c2_sub5-c2_sub3-c2_sub4,"c2_sub2,c2_sup3,c2_sup4,c2_bas2,c2_bas1,c2_sup2,c2_sub1,c2_sup1",vegetables,zom,wug,three,sib,rif,tob,tev,wug,tob,fep,vegetables,vehicles,c3_sub3-c3_sup6-c3_sup5,c2_sub3-c2_sup6-c2_sup5,c1_sub4-c1_sub5-c1_sub3,vehicles,animals,vegetables,vegetables,animals,animals,vehicles,2,mep,English,rab,fep,Female,24,three,one,one,one,three_subordinate,three_basic,three_superordinate,three_basic,three_basic,three_subordinate,2016-12-05T22:23:22Z,341YLJU21IZVM5WNMCVU0Z6D6ICI2P,NA,Approved,2016-12-05T22:35:44Z,1,1
2016-12-05T22:41:07Z,2016-12-05T22:41:03Z,31UV0MXWNQCQ8MD4UX2UNQ4C3VR5I0,three,three,three_subordinate,three_superordinate,one,one,one,three,three,three,three,"c3_bas1,c3_sub1,c3_bas2,c3_sub2","c2_sup1,c2_sub1,c2_bas2,c2_sup2,c2_sup4,c2_sub2,c2_sup3,c2_bas1","c1_sub2,c1_sub1,c1_bas1,c1_bas2","c3_bas1,c3_sub2,c3_bas2,c3_sup1,c3_sup4,c3_sub1,c3_sup3","c2_bas2,c2_sub2,c2_sub1,c2_bas1","c3_bas2,c3_sub1,c3_sub2,c3_bas1","c1_sup3,c1_sup2,c1_sup4,c1_sub2,c1_bas2,c1_sub1,c1_sup1,c1_bas1","c1_sub1,c1_sub2,c1_bas2,c1_bas1","c1_bas1,c1_sub2,c1_sub1,c1_bas2","c2_sub2,c2_sub1,c2_bas1,c2_bas2",vehicles,0,three,"c3_sub1,c3_sub2",Confused,It was interesting and I will probably wonder if I did it correctly or not. I don't think I did in the beginning.,c1_sub4-c1_sub5-c1_sub3,c1_sup6-c1_sup5-c1_sub3,c2_bas4-c2_sub3-c2_bas3,c1_sub3-c1_bas3-c1_bas4,c1_sub3,c3_sub3,c2_sub3,three_subordinate,animals,c2_sup5-c2_sub3-c2_sup6,c3_bas3-c3_sub3-c3_bas4,"c2_sub1,c2_sub2",animals,sib,rif,three,tev,fep,zom,mep,tev,rab,wug,vehicles,animals,c3_sub4-c3_sub5-c3_sub3,c2_sub4-c2_sub3-c2_sub5,c3_sup5-c3_sup6-c3_sub3,vegetables,animals,vehicles,vegetables,vegetables,vehicles,vegetables,2,rab,English,wug,tob,Female,41,three,one,one,one,three_basic,three_basic,three_subordinate,three_superordinate,three_superordinate,three_basic,2016-12-05T22:23:22Z,341YLJU21IZVM5WNMCVU0Z6D6ICI2P,NA,Approved,2016-12-05T22:31:03Z,1,2
2016-12-05T22:42:07Z,2016-12-05T22:41:08Z,31UV0MXWNQCQ8MD4UX2UNQ4C3VRI5D,three,three,three_superordinate,three_basic,one,one,one,three,three,three,three,"c3_bas1,c3_bas2,c3_sup1,c3_sup3,c3_sub1,c3_sup4,c3_sup2","c2_bas2,c2_sub1,c2_sup1,c2_sup3,c2_sup4","c2_sub1,c2_sub2,c2_bas1","c3_sub2,c3_bas2,c3_bas1,c3_sub1","c1_sub1,c1_bas2,c1_bas1,c1_sub2","c3_bas1,c3_sub2,c3_bas2",c2_sub1,"c2_sub2,c2_bas1,c2_sub1","c1_sub1,c1_sub2","c3_sub2,c3_sub1",vegetables,2,three,"c1_sup2,c1_sup4,c1_bas1,c1_bas2,c1_sup1,c1_sub2",NA,NA,c2_bas3-c2_sub3-c2_bas4,c2_sub4-c2_sub5-c2_sub3,c3_sub4-c3_sub3-c3_sub5,c1_sub4-c1_sub5-c1_sub3,c2_sub3,c3_sub3,c1_sub3,three_basic,vegetables,c2_sup5-c2_sup6-c2_sub3,c3_sub3-c3_sup5-c3_sup6,"c1_bas2,c1_bas1",animals,rab,rif,three,sib,fep,tob,zom,fep,tob,zom,vehicles,animals,c1_sup6-c1_sub3-c1_sup5,c1_bas4-c1_sub3-c1_bas3,c3_sub3-c3_bas4-c3_bas3,vehicles,animals,vegetables,vehicles,vehicles,animals,vegetables,1,tev,english,mep,wug,NA,NA,three,one,one,one,three_subordinate,three_subordinate,three_basic,three_subordinate,three_superordinate,three_superordinate,2016-12-05T22:23:14Z,341YLJU21IZVM5WNMCVU0Z6D6ICI2P,NA,Approved,2016-12-05T22:31:08Z,1,3
2016-12-05T23:07:07Z,2016-12-05T23:06:16Z,339ANSOTR52TQ5Y71K60PFNU0LMKI0,three,three,three_basic,three_superordinate,one,one,one,three,three,three,three,"c2_sup3,c2_sup4,c2_sup1,c2_sub2,c2_bas1,c2_sub1,c2_bas2,c2_sup2","c1_sup4,c1_sub2,c1_sub1,c1_bas1,c1_bas2,c1_sup1,c1_sup3,c1_sup2","c3_bas1,c3_bas2,c3_sub2,c3_sub1","c3_sup1,c3_sub1,c3_sup3,c3_bas2,c3_bas1,c3_sup2,c3_sup4,c3_sub2","c1_bas2,c1_sub1,c1_bas1,c1_sub2","c2_sub1,c2_sub2,c2_bas2,c2_bas1","c3_sub2,c3_sub1","c2_sub1,c2_sub2","c2_bas2,c2_sub1,c2_bas1,c2_sub2","c3_sub2,c3_bas1,c3_sub1,c3_bas2",vegetables,2,three,"c1_bas2,c1_bas1,c1_sub2,c1_sub1",Yes,NA,c2_sub4-c2_sub3-c2_sub5,c3_sub3-c3_sub5-c3_sub4,c3_bas3-c3_bas4-c3_sub3,c2_bas3-c2_bas4-c2_sub3,c3_sub3,c2_sub3,c1_sub3,three_subordinate,vegetables,c1_sup5-c1_sup6-c1_sub3,c2_sub3-c2_sup5-c2_sup6,"c1_sub1,c1_sub2",animals,zom,rab,three,wug,sib,fep,tev,sib,wug,tob,vegetables,vehicles,c1_sub3-c1_bas4-c1_bas3,c1_sub4-c1_sub3-c1_sub5,c3_sup5-c3_sub3-c3_sup6,animals,vehicles,vegetables,vehicles,animals,animals,vehicles,2,mep,English,tob,rif,Male,30,three,one,one,one,three_basic,three_basic,three_subordinate,three_subordinate,three_superordinate,three_superordinate,2016-12-05T22:23:27Z,341YLJU21IZVM5WNMCVU0Z6D6ICI2P,NA,Approved,2016-12-05T22:56:16Z,1,4
2016-12-05T22:39:07Z,2016-12-05T22:38:22Z,33LK57MYLT5D9E0P6X3OGWHUDS0ZSS,three,three,three_basic,three_basic,one,one,one,three,three,three,three,"c3_sub1,c3_sup2,c3_sub2,c3_sup4,c3_sup1,c3_bas2,c3_sup3,c3_bas1","c1_sup4,c1_bas1,c1_sup3,c1_sub2,c1_sup1,c1_sub1,c1_sup2,c1_bas2","c3_sub2,c3_sub1,c3_bas2,c3_bas1","c1_sub1,c1_bas1,c1_bas2,c1_sub2","c1_sub1,c1_bas1,c1_bas2,c1_sub2","c2_bas2,c2_bas1,c2_sub2,c2_sub1","c2_bas2,c2_sup1,c2_sub2,c2_sup2,c2_sub1,c2_sup4,c2_sup3,c2_bas1","c3_sub2,c3_sub1","c1_sub2,c1_sub1","c2_bas1,c2_bas2,c2_sub2,c2_sub1",vehicles,3,three,"c3_bas1,c3_sub1,c3_sub2,c3_bas2",Yes,NA,c3_sub3-c3_sub5-c3_sub4,c2_sup5-c2_sup6-c2_sub3,c2_bas3-c2_sub3-c2_bas4,c1_sub4-c1_sub5-c1_sub3,c3_sub3,c2_sub3,c1_sub3,three_subordinate,animals,c1_sup6-c1_sup5-c1_sub3,c3_sub3-c3_sup6-c3_sup5,"c2_sub2,c2_sub1",vegetables,wug,tob,three,sib,rif,rab,tev,sib,zom,tev,vegetables,animals,c3_bas4-c3_sub3-c3_bas3,c2_sub5-c2_sub4-c2_sub3,c1_sub3-c1_bas4-c1_bas3,animals,vehicles,vegetables,animals,vehicles,vehicles,vegetables,2,mep,English,zom,fep,Female,36,three,one,one,one,three_basic,three_subordinate,three_subordinate,three_superordinate,three_superordinate,three_superordinate,2016-12-05T22:23:30Z,341YLJU21IZVM5WNMCVU0Z6D6ICI2P,NA,Approved,2016-12-05T22:28:22Z,1,5
2016-12-05T22:45:07Z,2016-12-05T22:44:30Z,34Q075JO1XDGD9V5PKBCEWRZ5L501I,three,three,three_basic,three_subordinate,one,one,one,three,three,three,three,"c1_sub2,c1_sub1","c1_sub2,c1_sub1","c2_sub1,c2_sub2","c3_sub2,c3_sub1","c3_sub1,c3_sub2","c1_sub1,c1_sub2",c2_sub1,"c2_sub1,c2_sub2","c2_sub2,c2_sub1","c3_sub1,c3_sub2",vegetables,2,three,"c3_sub1,c3_sub2",Yes,"It has been funny, I hope I understood correctly what I had to do",c2_sub5-c2_sub4-c2_sub3,c2_bas3-c2_sub3-c2_bas4,c3_sup6-c3_sup5-c3_sub3,c2_sup6-c2_sup5-c2_sub3,c2_sub3,c1_sub3,c3_sub3,three_basic,animals,c1_sup6-c1_sub3-c1_sup5,c1_sub4-c1_sub5-c1_sub3,"c1_bas2,c1_bas1,c1_sub2,c1_sub1",animals,rif,mep,three,tev,zom,sib,wug,tev,mep,rab,vegetables,vegetables,c3_bas3-c3_sub3-c3_bas4,c1_sub3-c1_bas4-c1_bas3,c3_sub3-c3_sub4-c3_sub5,vehicles,vegetables,animals,vehicles,vehicles,animals,vehicles,2,fep,Italian,tob,rab,Male,37,three,one,one,one,three_superordinate,three_superordinate,three_subordinate,three_basic,three_superordinate,three_subordinate,2016-12-05T22:24:51Z,341YLJU21IZVM5WNMCVU0Z6D6ICI2P,NA,Approved,2016-12-05T22:34:30Z,1,6
2016-12-05T22:45:07Z,2016-12-05T22:45:02Z,354P56DE9K3UP4UJN2B5PCOV3ZO7S9,three,three,three_subordinate,three_superordinate,one,one,one,three,three,three,three,"c1_bas2,c1_sub1,c1_sub2","c1_sup1,c1_sup3,c1_bas2,c1_sub1,c1_sub2,c1_bas1,c1_sup4,c1_sup2","c3_sub2,c3_bas1,c3_sub1,c3_bas2","c3_sub2,c3_sup4,c3_bas2,c3_sup2,c3_bas1,c3_sub1,c3_sup1,c3_sup3","c1_bas1,c1_bas2,c1_sub1,c1_sub2","c2_sub1,c2_sub2,c2_bas2","c1_sub2,c1_sub1","c3_sub1,c3_bas1,c3_bas2,c3_sub2","c2_sub1,c2_sub2,c2_sup1,c2_sup2,c2_sup3,c2_sup4,c2_bas1,c2_bas2","c2_sub2,c2_bas2,c2_sub1,c2_bas1",animals,3,three,"c2_sub1,c2_sub2",Yes,None,c3_bas4-c3_sub3-c3_bas3,c1_sub3-c1_sub5-c1_sub4,c2_bas4-c2_bas3-c2_sub3,c2_sub3-c2_sup5-c2_sup6,c3_sub3,c2_sub3,c1_sub3,three_subordinate,vehicles,c1_sup5-c1_sup6-c1_sub3,c1_bas3-c1_bas4-c1_sub3,"c3_sub2,c3_sub1",animals,rif,wug,three,sib,zom,tob,fep,tev,rab,zom,vegetables,vegetables,c2_sub5-c2_sub3-c2_sub4,c3_sub4-c3_sub3-c3_sub5,c3_sup6-c3_sub3-c3_sup5,animals,vehicles,vegetables,animals,vegetables,vehicles,vehicles,2,rab,English,tev,mep,Male,25,three,one,one,one,three_basic,three_superordinate,three_basic,three_subordinate,three_superordinate,three_basic,2016-12-05T22:23:34Z,341YLJU21IZVM5WNMCVU0Z6D6ICI2P,NA,Approved,2016-12-05T22:35:02Z,1,7
2016-12-05T22:39:07Z,2016-12-05T22:39:05Z,358UUM7WRZ3IOPU68DB0Z2JZHX57RL,three,three,three_subordinate,three_basic,one,one,one,three,three,three,three,"c3_bas1,c3_bas2,c3_sub1,c3_sub2","c1_sup4,c1_sub2,c1_bas1,c1_sub1,c1_sup2,c1_bas2,c1_sup1,c1_sup3","c1_bas1,c1_sub1,c1_sub2","c2_sub2,c2_sub1,c2_bas1","c3_sub1,c3_bas1,c3_bas2,c3_sub2","c2_sub1,c2_sub2","c3_sub1,c3_sub2","c2_sub2,c2_sub1,c2_sup2,c2_bas1,c2_sup1,c2_bas2,c2_sup3,c2_sup4","c1_sub2,c1_sub1,c1_bas2,c1_bas1","c3_bas2,c3_sub2,c3_sup1,c3_sup3,c3_sup4,c3_bas1,c3_sup2,c3_sub1",vegetables,3,three,"c2_sub2,c2_sub1",NA,Thanks!,c2_sup5-c2_sub3-c2_sup6,c3_sub5-c3_sub4-c3_sub3,c3_sup6-c3_sub3-c3_sup5,c1_bas4-c1_sub3-c1_bas3,c1_sub3,c2_sub3,c3_sub3,three_subordinate,vehicles,c1_sup5-c1_sup6-c1_sub3,c3_bas3-c3_bas4-c3_sub3,"c1_sub1,c1_sub2",vehicles,wug,fep,three,zom,tob,rif,tev,sib,mep,tob,vegetables,animals,c2_sub5-c2_sub3-c2_sub4,c1_sub5-c1_sub3-c1_sub4,c2_sub3-c2_bas3-c2_bas4,vegetables,vehicles,animals,vehicles,animals,animals,vegetables,1,mep,English,sib,rab,NA,NA,three,one,one,one,three_superordinate,three_basic,three_superordinate,three_subordinate,three_superordinate,three_basic,2016-12-05T22:23:26Z,341YLJU21IZVM5WNMCVU0Z6D6ICI2P,NA,Approved,2016-12-05T22:29:05Z,1,8
2016-12-05T22:39:07Z,2016-12-05T22:38:42Z,35LDD5557A4FMOOYMZ4SH8UBHU6KMG,three,three,three_subordinate,three_basic,one,one,one,three,three,three,three,"c3_bas2,c3_sup4,c3_bas1,c3_sup1,c3_sub2,c3_sub1,c3_sup3,c3_sup2","c1_sub1,c1_sub2","c1_bas2,c1_sub2,c1_bas1,c1_sub1","c2_bas2,c2_sub2,c2_sub1,c2_bas1","c3_sub2,c3_sub1","c2_sub1,c2_sub2,c2_bas2","c3_bas2,c3_bas1,c3_sub1,c3_sub2","c1_bas2,c1_sub1,c1_sub2,c1_bas1","c3_sub1,c3_sub2","c2_bas2,c2_sub2,c2_sup2,c2_sup1,c2_bas1,c2_sup3,c2_sub1,c2_sup4",vegetables,3,three,"c2_sub1,c2_sub2",Yes,NA,c1_sub3-c1_bas3-c1_bas4,c3_sub3-c3_bas4-c3_bas3,c2_sup5-c2_sup6-c2_sub3,c3_sub5-c3_sub3-c3_sub4,c1_sub3,c2_sub3,c3_sub3,three_superordinate,vehicles,c1_sub4-c1_sub5-c1_sub3,c3_sup5-c3_sub3-c3_sup6,"c1_sup3,c1_sub2,c1_sup4,c1_sup1,c1_bas1,c1_sub1,c1_sup2,c1_bas2",vehicles,rab,tev,three,tob,rif,fep,sib,rab,mep,sib,vegetables,animals,c2_sub5-c2_sub3-c2_sub4,c1_sup6-c1_sub3-c1_sup5,c2_sub3-c2_bas3-c2_bas4,vegetables,vehicles,animals,vegetables,animals,vehicles,animals,1,mep,English,zom,wug,Male,29,three,one,one,one,three_superordinate,three_subordinate,three_basic,three_basic,three_subordinate,three_superordinate,2016-12-05T22:23:52Z,341YLJU21IZVM5WNMCVU0Z6D6ICI2P,NA,Approved,2016-12-05T22:28:42Z,1,9
2016-12-05T22:46:07Z,2016-12-05T22:45:39Z,36PW28KO4ZWBYNNZTA3KAMM63GLAE2,three,three,three_basic,three_subordinate,one,one,one,three,three,three,three,"c3_sub2,c3_sub1","c2_sub2,c2_sup1,c2_bas1,c2_sup4,c2_sub1,c2_bas2","c1_sub2,c1_bas2,c1_bas1,c1_sub1","c1_sub2,c1_sub1","c2_sub2,c2_bas2,c2_sub1,c2_bas1","c3_sub2,c3_sub1","c1_sub2,c1_sub1,c1_bas1,c1_sup1,c1_sup3,c1_sup4,c1_sup2,c1_bas2","c1_bas2,c1_bas1,c1_sub1,c1_sub2","c2_bas2,c2_sub2,c2_sub1,c2_bas1","c3_sub1,c3_sub2,c3_bas2,c3_bas1,c3_sup4,c3_sup1,c3_sup3,c3_sup2",vehicles,2,three,"c3_bas2,c3_bas1,c3_sub1,c3_sub2",NA,NA,c1_bas3-c1_sub3-c1_bas4,c1_sup6-c1_sup5-c1_sub3,c3_sub3-c3_sup6-c3_sup5,c2_bas3-c2_bas4-c2_sub3,c1_sub3,c3_sub3,c2_sub3,three_subordinate,animals,c2_sup6-c2_sub3-c2_sup5,c3_sub4-c3_sub5-c3_sub3,"c2_sub1,c2_sub2",vegetables,mep,rif,three,tob,sib,tev,fep,zom,rif,rab,vehicles,animals,c3_sub3-c3_bas3-c3_bas4,c2_sub5-c2_sub4-c2_sub3,c1_sub4-c1_sub3-c1_sub5,vegetables,animals,vehicles,vegetables,vegetables,animals,vehicles,1,wug,english,rab,zom,NA,NA,three,one,one,one,three_superordinate,three_basic,three_basic,three_superordinate,three_superordinate,three_subordinate,2016-12-05T22:23:26Z,341YLJU21IZVM5WNMCVU0Z6D6ICI2P,NA,Approved,2016-12-05T22:35:39Z,1,10
2016-12-05T22:41:07Z,2016-12-05T22:40:07Z,378XPAWRUCDNESPLPTTBV1KYV9SAIB,three,three,three_basic,three_subordinate,one,one,one,three,three,three,three,"c2_sub2,c2_sup3,c2_bas2,c2_sup1,c2_sup4,c2_bas1,c2_sup2,c2_sub1","c3_sup2,c3_sup1,c3_sup3,c3_bas2,c3_sup4,c3_sub2,c3_bas1,c3_sub1","c1_sub2,c1_sub1,c1_bas1,c1_bas2","c1_sub2,c1_sub1","c3_sub2,c3_bas2,c3_sub1,c3_bas1","c2_bas2,c2_bas1,c2_sub2,c2_sub1","c1_bas2,c1_bas1,c1_sub1,c1_sub2","c3_sub1,c3_sub2","c2_sub1,c2_sub2","c1_sub1,c1_sub2,c1_sup2,c1_bas2,c1_sup4,c1_sup3,c1_bas1,c1_sup1",vehicles,1,three,"c3_sub1,c3_bas2,c3_bas1,c3_sub2",NA,NA,c3_sub4-c3_sub3-c3_sub5,c1_sub3-c1_bas3-c1_bas4,c1_sup5-c1_sup6-c1_sub3,c2_sub4-c2_sub3-c2_sub5,c1_sub3,c2_sub3,c3_sub3,three_basic,animals,c3_sub3-c3_sup5-c3_sup6,c2_sup5-c2_sup6-c2_sub3,"c2_bas1,c2_sub2,c2_bas2,c2_sub1",vegetables,fep,mep,three,tob,zom,sib,rif,tev,rif,tob,animals,vehicles,c3_bas4-c3_sub3-c3_bas3,c2_bas4-c2_bas3-c2_sub3,c1_sub3-c1_sub5-c1_sub4,vegetables,vehicles,animals,animals,vegetables,vegetables,vehicles,1,rab,English,wug,tev,NA,NA,three,one,one,one,three_superordinate,three_subordinate,three_subordinate,three_basic,three_superordinate,three_superordinate,2016-12-05T22:23:28Z,341YLJU21IZVM5WNMCVU0Z6D6ICI2P,NA,Approved,2016-12-05T22:30:07Z,1,11
2016-12-05T22:37:07Z,2016-12-05T22:36:43Z,378XPAWRUCDNESPLPTTBV1KYV9SIAJ,three,three,three_basic,three_subordinate,one,one,one,three,three,three,three,"c2_sub1,c2_bas1,c2_sub2,c2_bas2","c3_sup3,c3_sup2,c3_sub2,c3_bas2,c3_sup1,c3_bas1,c3_sup4,c3_sub1","c1_bas2,c1_sub2,c1_bas1,c1_sub1","c3_sub2,c3_sub1","c3_bas2,c3_sub1,c3_sub2,c3_bas1","c2_sub1,c2_sub2","c1_bas1,c1_sub2,c1_bas2,c1_sub1","c2_sub1,c2_sub2","c1_bas1,c1_sub1,c1_sub2,c1_sup3,c1_sup2,c1_sup4,c1_sup1,c1_bas2","c1_sub2,c1_sub1",vehicles,2,three,"c3_bas1,c3_sub2,c3_sub1,c3_bas2",Yes,NA,c2_sub3-c2_sub4-c2_sub5,c1_bas4-c1_bas3-c1_sub3,c1_sub3-c1_sub4-c1_sub5,c1_sup5-c1_sub3-c1_sup6,c1_sub3,c2_sub3,c3_sub3,three_superordinate,animals,c3_sub3-c3_sup5-c3_sup6,c2_bas4-c2_sub3-c2_bas3,"c2_sup2,c2_sub2,c2_bas2,c2_sup3,c2_sup1,c2_sup4,c2_sub1,c2_bas1",animals,tob,rab,three,tev,mep,wug,fep,wug,tev,rif,animals,vehicles,c3_bas3-c3_sub3-c3_bas4,c2_sub3-c2_sup5-c2_sup6,c3_sub4-c3_sub5-c3_sub3,vegetables,vehicles,animals,vehicles,vegetables,vegetables,vegetables,2,sib,English,zom,rif,Female,41,three,one,one,one,three_subordinate,three_superordinate,three_subordinate,three_basic,three_superordinate,three_basic,2016-12-05T22:23:29Z,341YLJU21IZVM5WNMCVU0Z6D6ICI2P,NA,Approved,2016-12-05T22:26:43Z,1,12
2016-12-05T22:38:07Z,2016-12-05T22:37:40Z,37C0GNLMHF35JFXW72BOOZ2Z7LUD6M,three,three,three_subordinate,three_superordinate,one,one,one,three,three,three,three,"c1_sub1,c1_sub2,c1_bas2,c1_bas1","c3_sub2,c3_sub1","c1_sub1,c1_bas2,c1_bas1,c1_sub2","c3_sup2,c3_bas1,c3_sup3,c3_sup4,c3_sub1,c3_sup1,c3_bas2,c3_sub2","c3_bas1,c3_bas2,c3_sub1,c3_sub2","c2_sub2,c2_bas2,c2_sub1","c2_sub1,c2_sub2","c1_sup1,c1_sup3,c1_bas1,c1_bas2,c1_sup4,c1_sub1,c1_sup2,c1_sub2","c3_sub1,c3_sub2,c3_bas1,c3_bas2","c2_bas2,c2_sub2,c2_sub1,c2_bas1",vehicles,3,three,"c1_sub1,c1_sub2",NA,NA,c1_sub3-c1_sup5-c1_sup6,c2_sub5-c2_sub4-c2_sub3,c2_bas4-c2_bas3-c2_sub3,c3_bas4-c3_bas3-c3_sub3,c1_sub3,c2_sub3,c3_sub3,three_superordinate,vegetables,c3_sub4-c3_sub3-c3_sub5,c1_sub3-c1_bas3-c1_bas4,"c2_sup1,c2_bas2,c2_sub2,c2_sup3,c2_bas1,c2_sup4,c2_sub1",animals,wug,fep,three,rif,zom,tev,rab,tob,zom,wug,animals,vegetables,c1_sub5-c1_sub4-c1_sub3,c2_sup6-c2_sup5-c2_sub3,c3_sub3-c3_sup6-c3_sup5,vegetables,vehicles,animals,vegetables,vehicles,vehicles,animals,2,tob,English,sib,mep,NA,NA,three,one,one,one,three_basic,three_basic,three_superordinate,three_subordinate,three_subordinate,three_basic,2016-12-05T22:24:39Z,341YLJU21IZVM5WNMCVU0Z6D6ICI2P,NA,Approved,2016-12-05T22:27:40Z,1,13
2016-12-05T22:40:07Z,2016-12-05T22:39:50Z,37FMASSAYCRSX2UDV7T7QC44DRDIBE,three,three,three_subordinate,three_subordinate,one,one,one,three,three,three,three,"c1_sub1,c2_sup4,c2_bas2,c3_sup2,c3_sub2,c1_bas1,c1_bas2,c3_sup4,c1_sup2","c2_bas2,c1_sup4,c2_sup3,c2_bas1,c2_sup1,c1_sub2,c3_sup2","c2_bas1,c1_sup4,c3_sub2,c2_sub1,c3_bas2,c1_sub2","c1_sub2,c1_sub1","c2_sup2,c3_sup2,c3_sub2,c3_sub1,c3_bas1,c2_sub2,c1_sup3,c3_bas2","c3_sup4,c1_sup4,c1_sup1,c1_sup2,c2_sup3","c2_bas2,c3_sup2,c2_bas1,c1_sup4,c1_sup2,c3_bas1","c3_sup3,c3_bas1,c2_sub2,c1_bas2,c2_sup1,c1_sub1,c3_sup4,c2_sup4","c1_bas1,c1_sub2,c3_bas2,c2_bas2,c1_sup3,c3_bas1,c3_sup2,c3_sup4","c2_bas1,c1_sup2,c3_sub2,c3_sup4,c2_bas2,c2_sup1",vehicles,4,three,c2_sub2,NA,"I had no clue what was happening... At one point it didn't tell me what to even do. Just had blank images, then it had school buses and jalapeno images. I have no idea what just happened...",c3_sub3-c3_sup5-c3_sup6,c1_bas3-c1_sub3-c1_bas4,c2_bas3-c2_bas4-c2_sub3,c1_sup5-c1_sup6-c1_sub3,c1_sub3,c3_sub3,c2_sub3,three_superordinate,vehicles,c3_sub4-c3_sub3-c3_sub5,c3_bas4-c3_bas3-c3_sub3,"c1_sup3,c1_sup1,c2_sup1,c3_sup2,c3_bas2,c3_sub2,c1_bas2,c3_sup3",vegetables,sib,tob,three,fep,wug,mep,tev,rif,sib,zom,animals,animals,c2_sub3-c2_sub5-c2_sub4,c2_sup5-c2_sup6-c2_sub3,c1_sub3-c1_sub4-c1_sub5,vegetables,animals,vehicles,animals,vegetables,vehicles,vegetables,2,zom,English,rab,rif,NA,NA,three,one,one,one,three_basic,three_superordinate,three_superordinate,three_basic,three_subordinate,three_basic,2016-12-05T22:23:27Z,341YLJU21IZVM5WNMCVU0Z6D6ICI2P,NA,Approved,2016-12-05T22:29:50Z,1,14
2016-12-05T22:40:07Z,2016-12-05T22:39:09Z,37UQDCYH6XVAHWBNHXGA0Z8223I7VE,three,three,three_superordinate,three_subordinate,one,one,one,three,three,three,three,"c1_bas1,c1_sub2,c1_sub1,c1_bas2","c1_bas1,c1_sub1,c1_bas2,c1_sub2","c3_sub2,c3_sub1","c2_sub2,c2_sub1,c2_bas2,c2_bas1","c2_sub2,c2_sub1","c3_sub1,c3_sub2","c2_sub2,c2_sub1,c2_bas1,c2_bas2","c3_sub2,c3_sub1","c1_sub1,c1_sub2,c1_bas1","c2_bas2,c2_bas1,c2_sub1,c2_sub2",animals,2,three,"c3_sup3,c3_bas2,c3_sup4,c3_sup2,c3_sub2,c3_sub1,c3_bas1,c3_sup1",NA,quite confusing.,c3_sub5-c3_sub3-c3_sub4,c2_sup5-c2_sub3-c2_sup6,c2_sub3-c2_bas3-c2_bas4,c1_sub5-c1_sub3-c1_sub4,c3_sub3,c1_sub3,c2_sub3,three_basic,animals,c1_sup5-c1_sup6-c1_sub3,c1_bas4-c1_bas3-c1_sub3,"c3_sub1,c3_bas1,c3_sub2,c3_bas2",vehicles,zom,rab,three,sib,tob,wug,mep,sib,mep,tev,vegetables,vegetables,c3_sup6-c3_sup5-c3_sub3,c3_sub3-c3_bas3-c3_bas4,c2_sub3-c2_sub4-c2_sub5,animals,vegetables,vehicles,animals,vehicles,vehicles,vegetables,1,fep,english,rif,tev,NA,NA,three,one,one,one,three_basic,three_subordinate,three_subordinate,three_superordinate,three_superordinate,three_basic,2016-12-05T22:24:05Z,341YLJU21IZVM5WNMCVU0Z6D6ICI2P,NA,Approved,2016-12-05T22:29:09Z,1,15
2016-12-05T23:15:07Z,2016-12-05T23:14:23Z,39K0FND3AHF9ABFCA8R3NURFCICAMR,three,three,three_subordinate,three_basic,one,one,one,three,three,three,three,"c2_bas2,c2_bas1,c2_sub1","c1_sub1,c1_sub2","c1_sub2,c1_sub1,c1_bas1,c1_bas2","c3_bas1,c3_sub2,c3_sub1","c3_sub2,c3_sub1","c2_sub2,c2_sub1","c2_sub1,c2_sup4,c2_sup3,c2_sub2,c2_sup1,c2_bas2,c2_bas1","c3_sup1,c3_sup2,c3_sup4,c3_sup3,c3_bas2,c3_bas1,c3_sub2,c3_sub1","c1_bas1,c1_sup1,c1_sup3,c1_sub2,c1_sub1,c1_bas2","c1_bas1,c1_sub2,c1_bas2,c1_sub1",vehicles,2,three,"c3_sub2,c3_sub1",NA,NA,c3_sub3-c3_sup5-c3_sup6,c2_sup6-c2_sub3-c2_sup5,c1_sub3-c1_bas3-c1_bas4,c1_sub3-c1_sup5-c1_sup6,c1_sub3,c2_sub3,c3_sub3,three_subordinate,animals,c1_sub3-c1_sub5-c1_sub4,c2_bas3-c2_bas4-c2_sub3,"c2_sub2,c2_sub1",animals,mep,zom,three,wug,tev,sib,fep,mep,tob,rab,vegetables,vehicles,c3_sub3-c3_sub4-c3_sub5,c2_sub3-c2_sub5-c2_sub4,c3_bas4-c3_bas3-c3_sub3,vegetables,vehicles,animals,animals,vehicles,vegetables,vegetables,2,rab,English,tob,rif,NA,NA,three,one,one,one,three_basic,three_superordinate,three_superordinate,three_superordinate,three_subordinate,three_basic,2016-12-05T22:23:45Z,341YLJU21IZVM5WNMCVU0Z6D6ICI2P,NA,Approved,2016-12-05T23:04:23Z,1,16
2016-12-05T22:52:07Z,2016-12-05T22:51:08Z,3A9AA95ATWMIP8087SSEWN5OP9M5PC,three,three,three_superordinate,three_subordinate,one,one,one,three,three,three,three,"c1_sub1,c1_sub2","c1_bas1,c1_sub2,c1_bas2,c1_sub1","c1_sub1,c1_sub2","c2_sub2,c2_sub1","c2_sub1,c2_sub2","c3_sub1,c3_sub2","c2_sub1,c2_sub2","c3_sub1,c3_sub2","c1_sub1,c1_sub2","c2_sub2,c2_sub1",animals,3,three,c3_sub2,NA,NA,c3_bas4-c3_sub3-c3_bas3,c2_sup6-c2_sub3-c2_sup5,c2_bas3-c2_sub3-c2_bas4,c1_sup6-c1_sup5-c1_sub3,c1_sub3,c3_sub3,c2_sub3,three_subordinate,animals,c1_sub3-c1_bas3-c1_bas4,c1_sub3-c1_sub4-c1_sub5,"c3_sub1,c3_sub2",vehicles,fep,tob,three,wug,tev,rif,sib,tob,rab,zom,vegetables,vegetables,c3_sup6-c3_sub3-c3_sup5,c3_sub4-c3_sub3-c3_sub5,c2_sub5-c2_sub3-c2_sub4,vegetables,animals,vehicles,animals,vehicles,vehicles,vegetables,2,mep,english,rab,zom,NA,NA,three,one,one,one,three_basic,three_superordinate,three_basic,three_superordinate,three_basic,three_subordinate,2016-12-05T22:23:43Z,341YLJU21IZVM5WNMCVU0Z6D6ICI2P,NA,Approved,2016-12-05T22:41:08Z,1,17
2016-12-05T22:41:07Z,2016-12-05T22:40:23Z,3CFJTT4SXTQ5VQRNIQHRLAI8U1MI7S,three,three,three_basic,three_superordinate,one,one,one,three,three,three,three,"c1_sub1,c1_sub2","c2_sub2,c2_sub1","c1_sub1,c1_sub2,c1_bas2,c1_bas1","c3_sup4,c3_sub2,c3_sub1,c3_bas2,c3_sup2,c3_bas1,c3_sup3,c3_sup1","c3_bas2,c3_bas1","c2_sub2,c2_sub1,c2_bas2,c2_bas1","c3_bas2,c3_bas1,c3_sub2,c3_sub1","c3_sub2,c3_sub1","c2_sub1,c2_sub2,c2_sup2,c2_sup1,c2_bas2,c2_bas1,c2_sup4,c2_sup3","c1_sub2,c1_bas2,c1_bas1,c1_sub1",vegetables,3,three,"c2_sub2,c2_sub1,c2_bas1",Yes,NA,c3_sub3-c3_sub4-c3_sub5,c3_sub3-c3_bas4-c3_bas3,c1_bas3-c1_bas4-c1_sub3,c2_sup6-c2_sup5-c2_sub3,c1_sub3,c2_sub3,c3_sub3,three_superordinate,vehicles,c2_sub4-c2_sub5-c2_sub3,c1_sub4-c1_sub5-c1_sub3,"c1_sup1,c1_sub1,c1_bas1,c1_bas2,c1_sup4,c1_sub2,c1_sup3,c1_sup2",animals,wug,tob,three,zom,rif,fep,sib,tob,wug,zom,vehicles,vegetables,c2_bas4-c2_bas3-c2_sub3,c1_sub3-c1_sup5-c1_sup6,c3_sub3-c3_sup6-c3_sup5,vegetables,vehicles,animals,animals,animals,vegetables,vehicles,1,tev,English,mep,rab,Male,27,three,one,one,one,three_basic,three_superordinate,three_subordinate,three_basic,three_subordinate,three_subordinate,2016-12-05T22:23:16Z,341YLJU21IZVM5WNMCVU0Z6D6ICI2P,NA,Approved,2016-12-05T22:30:23Z,1,18
2016-12-05T22:40:07Z,2016-12-05T22:39:24Z,3DH6GAKTYYPA50CY53VDYI5VUDWZY6,three,three,three_subordinate,three_subordinate,one,one,one,three,three,three,three,"c3_bas1,c3_bas2,c3_sub2,c3_sub1","c1_sub1,c1_sub2","c2_bas2,c2_sub2,c2_bas1","c3_sub2,c3_sub1","c3_bas1,c3_sub2,c3_bas2,c3_sub1","c1_sub1,c1_bas2,c1_sub2,c1_bas1","c1_sup2,c1_sub2,c1_bas2,c1_sub1,c1_bas1,c1_sup3,c1_sup1,c1_sup4","c3_sup3,c3_sup1,c3_bas2,c3_sub2,c3_sub1,c3_sup4,c3_sup2","c2_bas1,c2_sub2,c2_sub1,c2_bas2","c2_sub1,c2_bas2,c2_sup2,c2_sub2,c2_sup4,c2_bas1,c2_sup3,c2_sup1",vegetables,2,three,"c2_sub2,c2_sub1",Yes,"Not enough attention to cats, ha ha!",c3_sup6-c3_sub3-c3_sup5,c1_sup5-c1_sub3-c1_sup6,c2_sup5-c2_sub3-c2_sup6,c2_sub3-c2_bas4-c2_bas3,c2_sub3,c1_sub3,c3_sub3,three_basic,vehicles,c1_sub4-c1_sub5-c1_sub3,c3_bas3-c3_sub3-c3_bas4,"c1_sub2,c1_sub1,c1_bas2,c1_bas1",animals,rab,mep,three,fep,tev,rif,zom,wug,rab,sib,vegetables,animals,c2_sub4-c2_sub3-c2_sub5,c1_bas4-c1_bas3-c1_sub3,c3_sub5-c3_sub4-c3_sub3,vehicles,vegetables,animals,animals,vegetables,vehicles,vehicles,2,wug,English,tob,sib,Female,66,three,one,one,one,three_superordinate,three_basic,three_superordinate,three_superordinate,three_subordinate,three_basic,2016-12-05T22:24:05Z,341YLJU21IZVM5WNMCVU0Z6D6ICI2P,NA,Approved,2016-12-05T22:29:24Z,1,19
2016-12-05T22:41:07Z,2016-12-05T22:40:37Z,3E1QT0TDFP99V4W6SV9XZAE35LSI8F,three,three,three_subordinate,three_superordinate,one,one,one,three,three,three,three,"c1_sup1,c1_sup4,c1_sub2,c1_bas1,c1_bas2,c1_sup3,c1_sup2,c1_sub1","c2_bas1,c2_sub1,c2_sub2,c2_bas2","c2_bas2,c2_sub2,c2_sub1","c3_sup4,c3_sup1,c3_sup2,c3_sup3,c3_sub2,c3_bas1,c3_sub1,c3_bas2","c3_sub2,c3_sub1,c3_bas2,c3_bas1","c1_sub2,c1_sub1,c1_bas1,c1_bas2","c3_sub1,c3_bas1,c3_sub2,c3_bas2","c3_sub1,c3_sub2","c1_sub2,c1_sub1,c1_bas1,c1_bas2","c1_bas1,c1_sub1,c1_sub2,c1_bas2",vehicles,3,three,"c2_sub2,c2_sub1",NA,NA,c3_sub5-c3_sub3-c3_sub4,c3_bas3-c3_bas4-c3_sub3,c1_sub3-c1_sub4-c1_sub5,c1_bas4-c1_bas3-c1_sub3,c2_sub3,c1_sub3,c3_sub3,three_superordinate,vehicles,c2_bas4-c2_bas3-c2_sub3,c1_sub3-c1_sup5-c1_sup6,"c2_sup1,c2_bas2,c2_sub2,c2_sup4,c2_sup3,c2_sub1,c2_bas1,c2_sup2",animals,zom,tob,three,sib,mep,rab,rif,tev,rab,sib,vehicles,vegetables,c2_sub4-c2_sub3-c2_sub5,c2_sub3-c2_sup5-c2_sup6,c3_sup5-c3_sub3-c3_sup6,vehicles,vegetables,animals,animals,animals,vegetables,vegetables,1,tev,English,wug,fep,NA,NA,three,one,one,one,three_subordinate,three_basic,three_subordinate,three_basic,three_basic,three_superordinate,2016-12-05T22:23:27Z,341YLJU21IZVM5WNMCVU0Z6D6ICI2P,NA,Approved,2016-12-05T22:30:37Z,1,20
2016-12-05T22:37:07Z,2016-12-05T22:36:56Z,3EKVH9QMEY4H1EEVK0ZLYMLNRGSD25,three,three,three_superordinate,three_subordinate,one,one,one,three,three,three,three,"c1_bas1,c1_sub2,c1_sub1,c1_bas2","c3_bas2,c3_sup2,c3_sup4,c3_bas1,c3_sup1,c3_sub2,c3_sup3,c3_sub1","c1_sub1,c1_sub2","c1_sub2,c1_sub1","c3_sub2,c3_sub1","c2_sub1,c2_sub2","c3_sub2,c3_bas2,c3_sub1,c3_bas1","c2_sub1,c2_sub2","c3_sub2,c3_sub1","c2_sup3,c2_sup1,c2_sub2,c2_sup2,c2_bas2,c2_sub1,c2_sup4,c2_bas1",vehicles,1,three,"c1_sub2,c1_sub1,c1_sup3,c1_sup4,c1_bas2,c1_bas1,c1_sup2,c1_sup1",Yes,NA,c2_sub4-c2_sub5-c2_sub3,c3_sub3-c3_bas3-c3_bas4,c2_sup5-c2_sup6-c2_sub3,c3_sub3-c3_sub5-c3_sub4,c1_sub3,c2_sub3,c3_sub3,three_basic,vegetables,c3_sup5-c3_sup6-c3_sub3,c1_bas4-c1_bas3-c1_sub3,"c2_sub2,c2_bas1,c2_sub1,c2_bas2",vegetables,fep,tev,three,sib,rif,mep,rab,tob,sib,rab,animals,vegetables,c1_sup5-c1_sup6-c1_sub3,c2_sub3-c2_bas3-c2_bas4,c1_sub5-c1_sub3-c1_sub4,vegetables,vehicles,animals,vehicles,animals,vehicles,animals,1,zom,english,wug,tob,Male,28,three,one,one,one,three_superordinate,three_subordinate,three_subordinate,three_basic,three_superordinate,three_basic,2016-12-05T22:23:34Z,341YLJU21IZVM5WNMCVU0Z6D6ICI2P,NA,Approved,2016-12-05T22:26:56Z,1,21
2016-12-05T22:36:07Z,2016-12-05T22:36:06Z,3EQHHY4HQSSCCV79492R2ERWOIZ5G8,three,three,three_basic,three_superordinate,one,one,one,three,three,three,three,"c1_sub1,c1_sub2","c3_sub1,c3_sub2","c1_bas2,c1_sub1,c1_sub2,c1_bas1","c1_bas1,c1_bas2,c1_sup3,c1_sup1,c1_sup4,c1_sup2,c1_sub1,c1_sub2","c3_sub2,c3_sub1,c3_bas1,c3_bas2","c2_sub1,c2_sub2","c2_sub1,c2_sub2","c1_bas1,c1_sub2,c1_sub1,c1_bas2","c3_sub1,c3_sup1,c3_bas2,c3_sup4,c3_bas1,c3_sub2,c3_sup3","c3_bas2,c3_sub2,c3_sub1,c3_bas1",vehicles,3,three,"c2_bas2,c2_sub1,c2_bas1,c2_sub2",No,NA,c1_bas3-c1_sub3-c1_bas4,c2_sub3-c2_sub5-c2_sub4,c3_bas3-c3_bas4-c3_sub3,c3_sub3-c3_sup6-c3_sup5,c1_sub3,c2_sub3,c3_sub3,three_superordinate,vehicles,c3_sub3-c3_sub4-c3_sub5,c1_sub4-c1_sub3-c1_sub5,"c2_sup2,c2_sub1,c2_sub2,c2_sup4,c2_bas1,c2_sup3,c2_sup1,c2_bas2",vegetables,sib,rif,three,tob,mep,tev,rab,rif,mep,sib,animals,vegetables,c2_sub3-c2_bas4-c2_bas3,c2_sub3-c2_sup5-c2_sup6,c1_sub3-c1_sup6-c1_sup5,vegetables,vehicles,animals,vegetables,vehicles,animals,animals,2,zom,English,wug,fep,Male,22,three,one,one,one,three_basic,three_superordinate,three_basic,three_subordinate,three_subordinate,three_subordinate,2016-12-05T22:23:22Z,341YLJU21IZVM5WNMCVU0Z6D6ICI2P,NA,Approved,2016-12-05T22:26:06Z,1,22
2016-12-05T22:39:07Z,2016-12-05T22:38:33Z,3FDJT1UU748HEH3SU0N606JPVZG5KB,three,three,three_basic,three_basic,one,one,one,three,three,three,three,"c1_sup4,c1_sup3,c1_bas2,c1_sub1,c1_sup1,c1_sup2,c1_bas1,c1_sub2","c2_sup4,c2_sup3,c2_sup1,c2_bas1,c2_bas2,c2_sub2,c2_sub1,c2_sup2","c2_bas1,c2_sub2,c2_sub1,c2_bas2","c3_bas1,c3_sub2,c3_sub1,c3_bas2","c1_sub1,c1_bas2,c1_sub2","c3_sub2,c3_sub1,c3_bas2,c3_bas1","c3_bas1,c3_sup1,c3_sup4,c3_sub2,c3_sup2,c3_sub1,c3_sup3,c3_bas2","c1_sub2,c1_sub1","c3_sub2,c3_sub1","c2_sub2,c2_sub1",vehicles,3,three,"c1_bas1,c1_bas2,c1_sub2,c1_sub1",NA,Thank you!,c1_sub4-c1_sub3-c1_sub5,c3_sup5-c3_sup6-c3_sub3,c2_sub4-c2_sub3-c2_sub5,c3_sub3-c3_sub4-c3_sub5,c2_sub3,c3_sub3,c1_sub3,three_basic,vegetables,c2_sub3-c2_sup5-c2_sup6,c1_sub3-c1_sup5-c1_sup6,"c2_bas2,c2_sub1,c2_bas1,c2_sub2",animals,zom,mep,three,rif,sib,tob,rab,tob,rab,rif,vehicles,vegetables,c1_bas4-c1_bas3-c1_sub3,c2_bas3-c2_sub3-c2_bas4,c3_bas3-c3_sub3-c3_bas4,vehicles,animals,vegetables,vegetables,animals,vehicles,animals,1,wug,English,tev,fep,NA,NA,three,one,one,one,three_subordinate,three_subordinate,three_subordinate,three_superordinate,three_superordinate,three_superordinate,2016-12-05T22:23:41Z,341YLJU21IZVM5WNMCVU0Z6D6ICI2P,NA,Approved,2016-12-05T22:28:33Z,1,23
2016-12-05T22:47:07Z,2016-12-05T22:46:43Z,3FTYUGLFSUL90BXI2J1JWTOZBQJ5DY,three,three,three_superordinate,three_basic,one,one,one,three,three,three,three,"c2_sub1,c2_bas1,c2_sub2,c2_bas2","c2_sup2,c2_sup3,c2_sub2,c2_bas1,c2_sup4,c2_sub1,c2_sup1","c2_sub1,c2_sub2,c2_bas2,c2_bas1","c2_bas1,c2_bas2,c2_sub2,c2_sub1","c3_bas2,c3_sub2,c3_bas1,c3_sub1","c1_sub1,c1_bas2,c1_sub2,c1_bas1","c3_sub2,c3_sub1,c3_bas2,c3_bas1","c3_sub2,c3_sub1","c1_sup1,c1_sup4,c1_bas2,c1_sub1,c1_sub2,c1_bas1,c1_sup3,c1_sup2","c1_sub1,c1_sub2",vegetables,3,three,"c3_sub1,c3_sup1,c3_sup2,c3_bas1,c3_sub2,c3_sup3,c3_sup4,c3_bas2",Yes,None thanks,c3_sub3-c3_sub5-c3_sub4,c3_sub3-c3_bas3-c3_bas4,c1_sub4-c1_sub3-c1_sub5,c1_sup6-c1_sub3-c1_sup5,c2_sub3,c1_sub3,c3_sub3,three_basic,animals,c2_sup6-c2_sub3-c2_sup5,c2_sub4-c2_sub3-c2_sub5,"c1_sub1,c1_sub2,c1_bas2,c1_bas1",vehicles,tev,rab,three,fep,rif,sib,zom,rab,sib,fep,vehicles,vehicles,c3_sup5-c3_sup6-c3_sub3,c1_bas4-c1_sub3-c1_bas3,c2_sub3-c2_bas4-c2_bas3,vehicles,vegetables,animals,animals,animals,vegetables,vegetables,1,tob,English,wug,mep,Female,32,three,one,one,one,three_subordinate,three_superordinate,three_subordinate,three_basic,three_superordinate,three_subordinate,2016-12-05T22:23:15Z,341YLJU21IZVM5WNMCVU0Z6D6ICI2P,NA,Approved,2016-12-05T22:36:43Z,1,24
2016-12-05T22:36:07Z,2016-12-05T22:36:06Z,3GNA64GUZE43PK1N7573WSVYU585Q3,three,three,three_subordinate,three_superordinate,one,one,one,three,three,three,three,"c3_sub2,c3_sub1,c3_sup3,c3_sup4,c3_sup1,c3_bas1,c3_bas2,c3_sup2","c3_sub2,c3_bas1,c3_sub1,c3_bas2","c1_sub2,c1_bas1,c1_bas2,c1_sub1","c2_sub2,c2_sub1,c2_sup1,c2_sup4,c2_sup3,c2_bas1,c2_bas2","c2_sub1,c2_sub2,c2_bas2,c2_bas1","c3_sub1,c3_bas2,c3_bas1,c3_sub2","c2_sub2,c2_sub1,c2_bas2,c2_bas1","c2_sub2,c2_bas2,c2_bas1,c2_sub1","c1_bas1,c1_sub2,c1_bas2,c1_sub1","c3_bas1,c3_sub2,c3_sub1,c3_bas2",vegetables,1,three,"c1_sub2,c1_sub1,c1_bas2,c1_bas1",NA,Thanks!,c2_sub5-c2_sub4-c2_sub3,c2_bas4-c2_sub3-c2_bas3,c3_sub3-c3_bas4-c3_bas3,c1_sub3-c1_bas3-c1_bas4,c1_sub3,c3_sub3,c2_sub3,three_superordinate,vegetables,c3_sub5-c3_sub3-c3_sub4,c3_sup5-c3_sup6-c3_sub3,"c1_sup2,c1_sub2,c1_bas1,c1_sup3,c1_sub1,c1_bas2,c1_sup4,c1_sup1",vehicles,tob,fep,three,mep,rif,wug,tev,sib,tob,mep,animals,animals,c1_sub3-c1_sub5-c1_sub4,c1_sub3-c1_sup5-c1_sup6,c2_sub3-c2_sup6-c2_sup5,vegetables,animals,vehicles,vehicles,vehicles,animals,vegetables,2,sib,English,zom,rab,NA,NA,three,one,one,one,three_basic,three_basic,three_subordinate,three_basic,three_subordinate,three_superordinate,2016-12-05T22:23:46Z,341YLJU21IZVM5WNMCVU0Z6D6ICI2P,NA,Approved,2016-12-05T22:26:06Z,1,25
2016-12-05T22:40:07Z,2016-12-05T22:39:13Z,3HPZF4IVNMTXX71ODPB5NK4ALVBCYL,three,three,three_subordinate,three_basic,one,one,one,three,three,three,three,"c2_sub1,c2_bas1,c2_sub2","c2_sub2,c2_sub1","c2_sub1,c2_sub2","c1_sub1,c1_sub2,c1_bas1,c1_bas2","c3_sub2,c3_bas2,c3_sub1,c3_bas1","c1_bas2,c1_sub2,c1_bas1,c1_sub1","c1_sub2,c1_sup3,c1_sup2,c1_sup4,c1_sup1,c1_bas1,c1_sub1,c1_bas2","c3_sup2,c3_bas1,c3_sup1,c3_sub1,c3_sub2,c3_bas2,c3_sup3,c3_sup4","c2_bas2,c2_sub1,c2_sup2,c2_bas1,c2_sup3,c2_sub2,c2_sup1","c3_sub1,c3_sub2,c3_bas2,c3_bas1",vegetables,3,three,"c3_sub2,c3_sub1",Yes,NA,c3_sup6-c3_sup5-c3_sub3,c1_sup5-c1_sup6-c1_sub3,c3_sub3-c3_bas4-c3_bas3,c2_sup5-c2_sub3-c2_sup6,c2_sub3,c1_sub3,c3_sub3,three_subordinate,animals,c2_sub3-c2_sub4-c2_sub5,c2_bas4-c2_bas3-c2_sub3,"c1_sub2,c1_sub1",vegetables,tob,wug,three,mep,tev,rif,fep,tob,rab,zom,vehicles,vehicles,c3_sub3-c3_sub4-c3_sub5,c1_sub4-c1_sub3-c1_sub5,c1_bas4-c1_sub3-c1_bas3,vehicles,vegetables,animals,animals,vegetables,animals,vehicles,2,zom,English,rab,sib,Female,32,three,one,one,one,three_basic,three_superordinate,three_superordinate,three_superordinate,three_subordinate,three_basic,2016-12-05T22:23:20Z,341YLJU21IZVM5WNMCVU0Z6D6ICI2P,NA,Approved,2016-12-05T22:29:13Z,1,26
2016-12-05T22:52:07Z,2016-12-05T22:51:13Z,3HSYG7LRBJYKW0OV1NRC2V27SPBKKB,three,three,three_subordinate,three_basic,one,one,one,three,three,three,three,"c2_bas2,c2_bas1,c2_sub2,c2_sub1","c3_sub2,c3_sub1","c2_bas2,c2_sup2,c2_sub1,c2_bas1,c2_sub2,c2_sup4,c2_sup3,c2_sup1","c1_bas2,c1_sub2,c1_bas1,c1_sub1","c3_sub1,c3_bas1,c3_bas2,c3_sub2","c1_sup2,c1_sup1,c1_sub2,c1_sub1,c1_bas1,c1_bas2,c1_sup4,c1_sup3","c3_sub2,c3_sub1,c3_bas2,c3_bas1","c1_sub1,c1_sup1,c1_bas1,c1_sub2,c1_sup3,c1_sup2,c1_sup4,c1_bas2","c3_sup3,c3_sup4,c3_sup2,c3_bas2,c3_bas1,c3_sub1,c3_sup1,c3_sub2","c2_sub1,c2_sup4,c2_bas1,c2_sub2,c2_sup3,c2_sup2,c2_bas2,c2_sup1",vehicles,3,three,"c1_sub2,c1_sub1,c1_bas1,c1_bas2",NA,NA,c1_sup5-c1_sub3-c1_sup6,c3_bas4-c3_bas3-c3_sub3,c2_sup6-c2_sub3-c2_sup5,c3_sup6-c3_sub3-c3_sup5,c2_sub3,c1_sub3,c3_sub3,three_subordinate,vegetables,c3_sub5-c3_sub4-c3_sub3,c2_bas4-c2_bas3-c2_sub3,"c2_sub1,c2_sub2",vegetables,tev,fep,three,zom,rab,sib,tob,mep,wug,tev,animals,vehicles,c1_sub4-c1_sub5-c1_sub3,c2_sub4-c2_sub5-c2_sub3,c1_bas3-c1_sub3-c1_bas4,vehicles,vegetables,animals,vegetables,animals,vehicles,animals,2,wug,English,mep,rif,NA,NA,three,one,one,one,three_superordinate,three_superordinate,three_superordinate,three_basic,three_subordinate,three_basic,2016-12-05T22:23:39Z,341YLJU21IZVM5WNMCVU0Z6D6ICI2P,NA,Approved,2016-12-05T22:41:13Z,1,27
2016-12-05T22:38:07Z,2016-12-05T22:37:54Z,3I3WADAZ9Q4048O7SSFZ7N0YF4Q5OV,three,three,three_superordinate,three_subordinate,one,one,one,three,three,three,three,"c1_sup1,c1_sup4,c1_sub2,c1_sup3,c1_sup2,c1_sub1,c1_bas2,c1_bas1","c3_sub2,c3_bas1,c3_sup4,c3_sup1,c3_sup2,c3_sub1,c3_sup3,c3_bas2","c1_sub1,c1_sub2,c1_bas1,c1_bas2","c2_sub2,c2_sub1,c2_bas1,c2_bas2","c2_sub2,c2_sub1","c3_sub1,c3_sub2","c3_sub2,c3_sub1","c3_sub2,c3_bas1,c3_bas2,c3_sub1","c1_bas2,c1_sub2,c1_bas1,c1_sub1","c2_sub2,c2_sub1,c2_bas2,c2_bas1",vegetables,3,three,"c2_sub2,c2_sup4,c2_sup1,c2_sup3,c2_bas2,c2_sup2,c2_bas1,c2_sub1",Yes,Mr Frog is a demanding little guy.,c3_sub3-c3_bas4-c3_bas3,c3_sub4-c3_sub3-c3_sub5,c2_bas4-c2_bas3-c2_sub3,c1_sub3-c1_bas4-c1_bas3,c1_sub3,c3_sub3,c2_sub3,three_subordinate,vehicles,c3_sub3-c3_sup6-c3_sup5,c1_sub3-c1_sup5-c1_sup6,"c1_sub2,c1_sub1,c1_bas1,c1_bas2",vehicles,wug,tev,three,rab,zom,rif,fep,sib,zom,mep,animals,vegetables,c2_sub3-c2_sup6-c2_sup5,c1_sub4-c1_sub5-c1_sub3,c2_sub4-c2_sub3-c2_sub5,vegetables,animals,vehicles,animals,animals,vehicles,vegetables,2,tob,English,sib,mep,Male,33,three,one,one,one,three_basic,three_basic,three_basic,three_subordinate,three_superordinate,three_superordinate,2016-12-05T22:23:41Z,341YLJU21IZVM5WNMCVU0Z6D6ICI2P,NA,Approved,2016-12-05T22:27:54Z,1,28
2016-12-05T22:42:07Z,2016-12-05T22:41:34Z,3I7DHKZYGN06YVBETPW9KTRKN3Z5F9,three,three,three_superordinate,three_basic,one,one,one,three,three,three,three,"c1_sub1,c1_bas1,c1_bas2,c1_sub2","c2_bas2,c2_sup2,c2_sup1,c2_bas1,c2_sub2,c2_sub1","c3_sub1,c3_bas2,c3_bas1,c3_sub2","c2_bas2,c2_sub2,c2_bas1,c2_sub1","c1_bas2,c1_bas1,c1_sub2,c1_sub1","c2_sub2,c2_bas2,c2_bas1,c2_sub1","c1_bas1,c1_sub2,c1_bas2,c1_sub1","c2_bas2,c2_bas1,c2_sub1,c2_sub2","c1_sub2,c1_bas1,c1_sub1,c1_bas2","c3_sub2,c3_bas2,c3_bas1,c3_sub1",animals,3,three,"c3_sub2,c3_bas2,c3_sub1,c3_bas1",Yes,Thank You,c2_sub3-c2_sub4-c2_sub5,c1_sup6-c1_sub3-c1_sup5,c3_sub4-c3_sub5-c3_sub3,c1_bas3-c1_sub3-c1_bas4,c3_sub3,c2_sub3,c1_sub3,three_basic,animals,c2_sup5-c2_sub3-c2_sup6,c1_sub5-c1_sub4-c1_sub3,"c3_sub2,c3_bas1,c3_bas2",vehicles,rab,tob,three,wug,mep,rif,zom,rif,wug,tob,vehicles,vegetables,c3_sup6-c3_sup5-c3_sub3,c3_bas3-c3_sub3-c3_bas4,c2_bas4-c2_bas3-c2_sub3,animals,vehicles,vegetables,vehicles,vegetables,animals,vegetables,2,fep,English,sib,tev,Female,32,three,one,one,one,three_subordinate,three_basic,three_subordinate,three_superordinate,three_superordinate,three_subordinate,2016-12-05T22:23:18Z,341YLJU21IZVM5WNMCVU0Z6D6ICI2P,NA,Approved,2016-12-05T22:31:34Z,1,29
2016-12-05T22:56:07Z,2016-12-05T22:55:12Z,3JPSL1DZ5SZFST0CM96309GFH8MANR,three,three,three_subordinate,three_superordinate,one,one,one,three,three,three,three,"c2_sup4,c2_sup1,c2_sub1,c2_bas1,c2_sub2,c2_bas2,c2_sup2,c2_sup3","c2_bas1,c2_sub2,c2_sub1,c2_bas2","c3_sub1,c3_sub2,c3_bas2,c3_bas1","c1_bas1,c1_sup4,c1_sub2,c1_bas2,c1_sup2,c1_sub1,c1_sup1,c1_sup3","c1_sub1,c1_bas1,c1_sub2,c1_bas2","c2_sub2,c2_bas1,c2_bas2,c2_sub1","c3_sup1,c3_sup3,c3_sup4,c3_bas1,c3_bas2,c3_sub1,c3_sup2,c3_sub2","c2_sub1,c2_sub2,c2_bas2,c2_bas1","c1_sub1,c1_sub2","c1_bas2,c1_sub1,c1_bas1,c1_sub2",animals,3,three,"c3_sub2,c3_sub1",NA,NA,c2_bas3-c2_sub3-c2_bas4,c3_sup5-c3_sub3-c3_sup6,c1_sub3-c1_bas4-c1_bas3,c1_sub4-c1_sub3-c1_sub5,c3_sub3,c2_sub3,c1_sub3,three_basic,animals,c2_sub3-c2_sub4-c2_sub5,c2_sup5-c2_sub3-c2_sup6,"c3_bas1,c3_sub2,c3_sub1,c3_bas2",vegetables,zom,rab,three,tev,mep,fep,sib,wug,zom,sib,vehicles,vehicles,c3_sub3-c3_sub4-c3_sub5,c3_bas3-c3_bas4-c3_sub3,c1_sup6-c1_sup5-c1_sub3,animals,vehicles,vegetables,vehicles,animals,vegetables,vegetables,1,wug,English,rif,tob,NA,NA,three,one,one,one,three_basic,three_subordinate,three_basic,three_superordinate,three_subordinate,three_superordinate,2016-12-05T22:23:53Z,341YLJU21IZVM5WNMCVU0Z6D6ICI2P,NA,Approved,2016-12-05T22:45:12Z,1,30
2016-12-05T22:44:07Z,2016-12-05T22:43:10Z,3K4J6M3CXET9I1JQZ5T8AP7IGW0AGJ,three,three,three_subordinate,three_basic,one,one,one,three,three,three,three,"c2_sup2,c2_sup3,c2_bas2,c2_sub1,c2_sup1,c2_sub2,c2_sup4,c2_bas1","c1_sub1,c1_sub2","c2_bas2,c2_sub1,c2_sub2","c3_bas2,c3_sub2,c3_sub1,c3_bas1","c1_sub1,c1_sub2,c1_bas2,c1_bas1","c3_sub1,c3_sub2","c1_bas1,c1_bas2,c1_sub1,c1_sub2","c1_bas1,c1_bas2,c1_sup3,c1_sub2,c1_sup2,c1_sub1,c1_sup4,c1_sup1","c2_sub2,c2_sub1","c2_bas2,c2_sub2,c2_sub1,c2_bas1",animals,3,three,"c3_sub1,c3_sub2",Yes,NA,c1_sub3-c1_sup6-c1_sup5,c1_bas3-c1_sub3-c1_bas4,c2_bas4-c2_bas3-c2_sub3,c2_sub5-c2_sub4-c2_sub3,c2_sub3,c3_sub3,c1_sub3,three_superordinate,animals,c1_sub4-c1_sub5-c1_sub3,c2_sup5-c2_sub3-c2_sup6,"c3_sup3,c3_sup2,c3_bas2,c3_sup4,c3_sub1,c3_sup1,c3_bas1,c3_sub2",animals,mep,fep,three,sib,tob,wug,rab,rab,rif,mep,vegetables,vehicles,c3_sub3-c3_sub4-c3_sub5,c3_sub3-c3_sup6-c3_sup5,c3_bas3-c3_bas4-c3_sub3,vehicles,animals,vegetables,vegetables,vegetables,vehicles,vehicles,2,rif,english,tev,zom,Male,33,three,one,one,one,three_basic,three_subordinate,three_superordinate,three_basic,three_subordinate,three_superordinate,2016-12-05T22:23:31Z,341YLJU21IZVM5WNMCVU0Z6D6ICI2P,NA,Approved,2016-12-05T22:33:10Z,1,31
2016-12-05T23:43:07Z,2016-12-05T23:42:17Z,3L6L49WXW0XW0FEP980QTPUTYDT54O,three,three,three_basic,three_superordinate,one,one,one,three,three,three,three,"c2_bas1,c2_bas2,c2_sub1,c2_sub2","c2_bas1,c2_bas2,c2_sub1,c2_sub2","c2_bas1,c2_sub2,c2_sub1,c2_bas2","c1_bas1,c1_bas2,c1_sub2,c1_sup4,c1_sup1,c1_sup2,c1_sup3,c1_sub1","c1_sub2,c1_bas2,c1_bas1,c1_sub1","c3_bas2,c3_bas1,c3_sub1,c3_sub2","c1_sub2,c1_bas1,c1_sub1,c1_bas2","c3_bas1,c3_sub1,c3_bas2,c3_sub2","c3_sub2,c3_bas2,c3_sub1,c3_bas1","c2_sub2,c2_sub1,c2_sup4,c2_sup3,c2_sup1,c2_bas1,c2_bas2",animals,1,three,"c1_bas2,c1_sub1,c1_bas1,c1_sub2",Yes,NA,c3_bas3-c3_bas4-c3_sub3,c1_sub3-c1_sub5-c1_sub4,c2_sub3-c2_sup6-c2_sup5,c3_sub3-c3_sub5-c3_sub4,c2_sub3,c3_sub3,c1_sub3,three_superordinate,vegetables,c2_bas4-c2_bas3-c2_sub3,c2_sub3-c2_sub4-c2_sub5,"c3_sup3,c3_sub1,c3_bas2,c3_bas1,c3_sup4,c3_sub2,c3_sup1,c3_sup2",vegetables,wug,tev,three,rab,fep,sib,tob,tev,tob,fep,vehicles,vehicles,c1_bas3-c1_sub3-c1_bas4,c3_sup6-c3_sub3-c3_sup5,c1_sup6-c1_sup5-c1_sub3,vehicles,animals,vegetables,animals,vegetables,vehicles,animals,2,mep,English,rif,zom,Male,52,three,one,one,one,three_superordinate,three_subordinate,three_basic,three_subordinate,three_basic,three_subordinate,2016-12-05T23:26:09Z,341YLJU21IZVM5WNMCVU0Z6D6ICI2P,NA,Approved,2016-12-05T23:32:17Z,1,32
2016-12-05T22:39:07Z,2016-12-05T22:38:54Z,3L70J4KAZGM66H9ZXFS0444L34KAD9,three,three,three_basic,three_subordinate,one,one,one,three,three,three,three,"c3_sub2,c3_sub1,c3_bas2,c3_bas1","c3_bas2,c3_sup1,c3_sub1,c3_bas1,c3_sup2,c3_sup3,c3_sub2,c3_sup4","c2_sub1,c2_sub2","c1_sub1,c1_sub2","c1_sub1,c1_bas2,c1_sub2,c1_bas1","c3_bas2,c3_bas1,c3_sub1,c3_sub2","c3_sub1,c3_sub2","c2_sub2,c2_sub1","c2_bas2,c2_sup2,c2_sup1,c2_sub1,c2_bas1,c2_sup3,c2_sup4,c2_sub2","c1_sup3,c1_sup4,c1_bas1,c1_sup1,c1_sub1,c1_bas2,c1_sup2,c1_sub2",vegetables,4,three,"c2_sub2,c2_bas2,c2_bas1,c2_sub1",NA,NA,c2_sub3-c2_sub5-c2_sub4,c3_sub4-c3_sub3-c3_sub5,c1_sup6-c1_sub3-c1_sup5,c2_sub3-c2_sup6-c2_sup5,c2_sub3,c3_sub3,c1_sub3,three_basic,vehicles,c3_sup5-c3_sub3-c3_sup6,c3_sub3-c3_bas4-c3_bas3,"c1_bas2,c1_bas1,c1_sub2,c1_sub1",vegetables,rif,mep,three,wug,rab,fep,zom,wug,rab,sib,animals,animals,c2_bas3-c2_bas4-c2_sub3,c1_sub3-c1_bas4-c1_bas3,c1_sub4-c1_sub3-c1_sub5,vehicles,animals,vegetables,vehicles,animals,vegetables,vehicles,2,tob,english,tev,sib,NA,NA,three,one,one,one,three_superordinate,three_superordinate,three_subordinate,three_subordinate,three_superordinate,three_basic,2016-12-05T22:23:21Z,341YLJU21IZVM5WNMCVU0Z6D6ICI2P,NA,Approved,2016-12-05T22:28:54Z,1,33
2016-12-05T22:47:07Z,2016-12-05T22:46:55Z,3LUY3GC63Z0XCCERVL7BU7JKGFH7PT,three,three,three_basic,three_basic,one,one,one,three,three,three,three,"c2_sub1,c2_bas2,c2_bas1,c2_sup4,c2_sup2,c2_sup3,c2_sub2,c2_sup1","c2_sub2,c2_sub1",c1_sup4,"c3_bas1,c3_bas2,c3_sub1,c3_sub2",c2_sup4,c2_sup1,c3_sup3,c1_sup2,"c3_sub2,c3_sub1","c3_bas2,c3_sup1,c3_bas1,c3_sup4,c3_sub1,c3_sub2,c3_sup3,c3_sup2",vehicles,1,three,"c1_sub2,c1_sub1,c1_bas2,c1_bas1",NA,NA,c1_sup6-c1_sub3-c1_sup5,c1_sub3-c1_sub5-c1_sub4,c3_sub3-c3_sup5-c3_sup6,c3_sub5-c3_sub3-c3_sub4,c2_sub3,c1_sub3,c3_sub3,three_basic,vegetables,c2_sub5-c2_sub3-c2_sub4,c2_sup6-c2_sub3-c2_sup5,"c2_sub2,c2_sub1,c2_bas2,c2_bas1",animals,tob,zom,three,tev,mep,sib,rab,tob,mep,rab,vehicles,vehicles,c1_bas4-c1_bas3-c1_sub3,c2_sub3-c2_bas3-c2_bas4,c3_bas3-c3_sub3-c3_bas4,vehicles,vegetables,animals,vegetables,vegetables,animals,animals,2,wug,English,rif,fep,NA,NA,three,one,one,one,three_superordinate,three_subordinate,three_superordinate,three_subordinate,three_subordinate,three_superordinate,2016-12-05T22:23:17Z,341YLJU21IZVM5WNMCVU0Z6D6ICI2P,NA,Approved,2016-12-05T22:36:55Z,1,34
2016-12-05T22:40:07Z,2016-12-05T22:39:51Z,3N1FSUEFL50R4STIOEI9R1ILBUOD41,three,three,three_superordinate,three_subordinate,one,one,one,three,three,three,three,"c3_bas2,c3_bas1,c3_sup3,c3_sup1,c3_sub1,c3_sup4,c3_sub2,c3_sup2","c1_sub2,c1_sub1","c2_sub2,c2_sub1",c2_sub1,"c1_sub1,c1_sub2,c1_bas2,c1_bas1","c3_sub1,c3_sub2","c1_sup4,c1_bas2,c1_sup3,c1_sup1,c1_sub2,c1_bas1,c1_sub1,c1_sup2","c3_bas1,c3_bas2,c3_sub2,c3_sub1","c1_sub2,c1_bas1,c1_sub1,c1_bas2","c2_sub1,c2_bas1,c2_bas2,c2_sub2",animals,3,three,"c2_sup4,c2_bas1,c2_sub1,c2_sub2,c2_sup1,c2_sup3,c2_bas2",Yes,"Enjoyed the hit, it was a fun challenge.",c3_sub3-c3_bas3-c3_bas4,c1_sub3-c1_sup6-c1_sup5,c2_bas4-c2_bas3-c2_sub3,c1_bas4-c1_bas3-c1_sub3,c2_sub3,c3_sub3,c1_sub3,three_subordinate,vehicles,c1_sub5-c1_sub4-c1_sub3,c3_sup6-c3_sup5-c3_sub3,"c3_sub2,c3_sub1",vehicles,rif,tev,three,sib,zom,mep,tob,fep,rab,rif,vegetables,animals,c2_sup5-c2_sub3-c2_sup6,c3_sub4-c3_sub5-c3_sub3,c2_sub4-c2_sub5-c2_sub3,vehicles,animals,vegetables,animals,vegetables,vehicles,vegetables,2,wug,English,rab,fep,Female,29,three,one,one,one,three_basic,three_basic,three_basic,three_superordinate,three_subordinate,three_superordinate,2016-12-05T22:23:35Z,341YLJU21IZVM5WNMCVU0Z6D6ICI2P,NA,Approved,2016-12-05T22:29:51Z,1,35
2016-12-05T23:53:07Z,2016-12-05T23:52:20Z,3NC5L260MOMS65HWY4S8TZRB4Y5OFY,three,three,three_basic,three_superordinate,one,one,one,three,three,three,three,"c3_bas1,c3_sub1,c3_bas2,c3_sub2","c1_sub2,c1_bas2,c1_bas1,c1_sub1","c1_bas2,c1_sub1,c1_sub2,c1_bas1","c1_bas1,c1_sup1,c1_sup2,c1_sub2,c1_sub1,c1_bas2,c1_sup3,c1_sup4","c2_bas2,c2_bas1,c2_sub1,c2_sub2","c3_sub2,c3_bas1,c3_bas2,c3_sub1","c3_sub1,c3_sub2","c2_sub1,c2_sub2","c1_sub2,c1_sub1","c2_bas2,c2_sup3,c2_sub1,c2_sup1,c2_bas1,c2_sup4,c2_sub2,c2_sup2",animals,2,three,"c2_bas2,c2_sub2,c2_bas1,c2_sub1",Yes,NA,c2_sub5-c2_sub4-c2_sub3,c3_sub4-c3_sub5-c3_sub3,c2_sup5-c2_sup6-c2_sub3,c1_sub3-c1_sub5-c1_sub4,c1_sub3,c3_sub3,c2_sub3,three_superordinate,vehicles,c1_sub3-c1_bas4-c1_bas3,c3_sub3-c3_bas3-c3_bas4,"c3_bas1,c3_sub2,c3_sup2,c3_bas2,c3_sup3,c3_sub1,c3_sup4,c3_sup1",vegetables,fep,zom,three,sib,mep,rab,tob,tob,mep,sib,vegetables,animals,c2_bas4-c2_sub3-c2_bas3,c3_sup6-c3_sub3-c3_sup5,c1_sup5-c1_sup6-c1_sub3,vegetables,animals,vehicles,vehicles,animals,vehicles,vegetables,2,rif,English,tev,wug,Male,28,three,one,one,one,three_superordinate,three_subordinate,three_subordinate,three_subordinate,three_basic,three_basic,2016-12-05T22:55:56Z,341YLJU21IZVM5WNMCVU0Z6D6ICI2P,NA,Approved,2016-12-05T23:42:20Z,1,36
2016-12-05T22:46:07Z,2016-12-05T22:45:56Z,3OCHAWUVGOKQG0N20661SPA9OYQKX0,three,three,three_subordinate,three_basic,one,one,one,three,three,three,three,"c3_sub1,c3_sub2","c2_bas2,c2_sub1,c2_bas1,c2_sub2","c3_sub2,c3_sub1","c1_sub2,c1_bas2,c1_bas1","c1_sub2,c1_sub1",c2_sub1,"c3_sub2,c3_sub1","c2_sub1,c2_sub2",c1_bas1,"c2_sub2,c2_sub1",animals,3,three,"c1_bas1,c1_sub2,c1_sub1,c1_bas2",Yes,NA,c2_sub5-c2_sub4-c2_sub3,c3_sub5-c3_sub4-c3_sub3,c2_sup6-c2_sup5-c2_sub3,c1_sup6-c1_sup5-c1_sub3,c3_sub3,c2_sub3,c1_sub3,three_superordinate,vegetables,c2_bas4-c2_bas3-c2_sub3,c3_bas4-c3_sub3-c3_bas3,"c3_sub2,c3_sub1",vegetables,sib,rab,three,fep,mep,rif,tev,mep,fep,tob,vehicles,animals,c1_sub5-c1_sub3-c1_sub4,c3_sup6-c3_sub3-c3_sup5,c1_bas3-c1_bas4-c1_sub3,animals,vehicles,vegetables,vehicles,animals,vehicles,vegetables,1,tob,english,zom,wug,Male,38,three,one,one,one,three_superordinate,three_superordinate,three_subordinate,three_subordinate,three_basic,three_basic,2016-12-05T22:25:22Z,341YLJU21IZVM5WNMCVU0Z6D6ICI2P,NA,Approved,2016-12-05T22:35:56Z,1,37
2016-12-05T22:39:07Z,2016-12-05T22:39:03Z,3OLF68YTN91341NVOLNQS476FH0AFK,three,three,three_superordinate,three_basic,one,one,one,three,three,three,three,"c1_sub1,c1_sub2","c2_sub1,c2_sub2","c3_sub1,c3_sub2","c3_bas1,c3_sub1,c3_bas2,c3_sub2","c1_sub2,c1_sub1","c2_sub2,c2_sub1","c2_sub2,c2_sub1,c2_bas2,c2_bas1","c3_sub1,c3_sub2","c1_bas1,c1_sub2,c1_bas2,c1_sub1","c2_sup4,c2_bas2,c2_sup1,c2_sub1,c2_bas1,c2_sup2,c2_sub2,c2_sup3",animals,3,three,"c1_sub2,c1_bas2,c1_sup3,c1_sup4,c1_sub1,c1_sup1,c1_bas1",Yes,NA,c3_sub4-c3_sub5-c3_sub3,c2_sub3-c2_bas3-c2_bas4,c2_sub3-c2_sup5-c2_sup6,c1_bas4-c1_sub3-c1_bas3,c3_sub3,c2_sub3,c1_sub3,three_superordinate,vegetables,c2_sub3-c2_sub4-c2_sub5,c1_sub4-c1_sub3-c1_sub5,"c3_sup3,c3_sup1,c3_sub2,c3_sub1,c3_bas2,c3_sup4,c3_bas1,c3_sup2",animals,wug,tev,three,rif,sib,fep,zom,rif,wug,tev,vehicles,vegetables,c1_sub3-c1_sup6-c1_sup5,c3_sup6-c3_sup5-c3_sub3,c3_bas3-c3_bas4-c3_sub3,animals,vehicles,vegetables,animals,vehicles,vehicles,vegetables,1,tob,english,mep,rab,Male,31,three,one,one,one,three_superordinate,three_basic,three_subordinate,three_basic,three_subordinate,three_subordinate,2016-12-05T22:23:27Z,341YLJU21IZVM5WNMCVU0Z6D6ICI2P,NA,Approved,2016-12-05T22:29:03Z,1,38
2016-12-05T22:47:07Z,2016-12-05T22:46:29Z,3OWEPKL089CX9R2EF6UJQIEPG0G7NX,three,three,three_basic,three_basic,one,one,one,three,three,three,three,"c2_sup1,c2_sup4,c2_sup2,c2_bas2,c2_sub2,c2_bas1,c2_sub1,c2_sup3","c3_sub2,c3_sub1","c3_bas1,c3_sub2,c3_bas2,c3_sub1","c1_bas2,c1_sub1,c1_bas1,c1_sub2","c1_sub1,c1_sub2,c1_bas1,c1_bas2","c2_bas2,c2_sub2,c2_sub1","c3_sub1,c3_sub2,c3_bas2,c3_bas1","c1_sup4,c1_bas1,c1_sup3,c1_bas2,c1_sup1,c1_sup2,c1_sub1,c1_sub2","c2_bas1,c2_sub2,c2_sub1,c2_bas2","c3_bas2,c3_sup1,c3_sub2,c3_sup4,c3_sup3,c3_sup2,c3_sub1,c3_bas1",vegetables,3,three,"c2_bas1,c2_bas2,c2_sub2,c2_sub1",Yes,NA,c1_sub3-c1_sup5-c1_sup6,c3_bas4-c3_bas3-c3_sub3,c3_sup6-c3_sup5-c3_sub3,c2_sub4-c2_sub5-c2_sub3,c3_sub3,c2_sub3,c1_sub3,three_subordinate,vehicles,c3_sub5-c3_sub3-c3_sub4,c2_sub3-c2_sup5-c2_sup6,"c1_sub2,c1_sub1,c1_bas1,c1_bas2",vegetables,mep,sib,three,tev,tob,rab,wug,mep,wug,fep,animals,vehicles,c2_sub3-c2_bas4-c2_bas3,c1_sub4-c1_sub5-c1_sub3,c1_sub3-c1_bas3-c1_bas4,animals,vehicles,vegetables,vegetables,animals,animals,vehicles,2,zom,English,fep,rif,Female,56,three,one,one,one,three_superordinate,three_subordinate,three_superordinate,three_basic,three_subordinate,three_superordinate,2016-12-05T22:23:13Z,341YLJU21IZVM5WNMCVU0Z6D6ICI2P,NA,Approved,2016-12-05T22:36:29Z,1,39
2016-12-05T22:45:07Z,2016-12-05T22:44:26Z,3PH3VY7DJLX6GVHYQ2DPDLKFJ5WZW7,three,three,three_subordinate,three_basic,one,one,one,three,three,three,three,"c3_sub2,c3_sub1","c1_bas2,c1_sub2,c1_sub1,c1_bas1","c2_sub2,c2_bas2,c2_bas1","c2_bas1,c2_sub2,c2_bas2,c2_sub1","c1_bas1,c1_bas2,c1_sub1,c1_sub2","c3_bas2,c3_bas1,c3_sub2,c3_sub1","c3_sup1,c3_bas1,c3_bas2,c3_sub1,c3_sup4,c3_sup3,c3_sub2","c1_bas1,c1_sub2,c1_sup1,c1_sup3,c1_bas2,c1_sub1,c1_sup4,c1_sup2","c3_sub1,c3_bas1,c3_sub2,c3_bas2","c2_sub1,c2_sub2",vehicles,3,three,"c1_sub1,c1_sub2",Yes,Thanks for letting me participate!,c1_sup5-c1_sup6-c1_sub3,c3_sup6-c3_sub3-c3_sup5,c2_sub3-c2_sub5-c2_sub4,c3_bas3-c3_bas4-c3_sub3,c2_sub3,c3_sub3,c1_sub3,three_superordinate,vegetables,c1_sub3-c1_bas4-c1_bas3,c3_sub4-c3_sub3-c3_sub5,"c2_sub2,c2_sup2,c2_sup1,c2_bas1,c2_sub1,c2_sup3,c2_sup4,c2_bas2",vehicles,sib,zom,three,rab,fep,tev,rif,tev,zom,mep,vegetables,animals,c1_sub5-c1_sub4-c1_sub3,c2_sub3-c2_sup6-c2_sup5,c2_sub3-c2_bas3-c2_bas4,vehicles,animals,vegetables,vegetables,animals,vehicles,animals,1,mep,English,tob,wug,Female,32,three,one,one,one,three_subordinate,three_basic,three_superordinate,three_superordinate,three_basic,three_subordinate,2016-12-05T22:25:38Z,341YLJU21IZVM5WNMCVU0Z6D6ICI2P,NA,Approved,2016-12-05T22:34:26Z,1,40
2016-12-05T22:38:07Z,2016-12-05T22:37:37Z,3QAVNHZ3EM4P4TXRAWQONHCQCDMALP,three,three,three_subordinate,three_superordinate,one,one,one,three,three,three,three,"c3_sup1,c3_bas1,c3_sub1,c3_sub2,c3_bas2,c3_sup3,c3_sup4,c3_sup2","c1_sub2,c1_bas1,c1_sub1,c1_bas2","c1_sub1,c1_sub2,c1_bas2,c1_bas1","c2_sup2,c2_bas1,c2_bas2,c2_sup1,c2_sub2,c2_sub1","c2_sub2,c2_bas2,c2_bas1,c2_sub1","c3_bas2,c3_sub1,c3_sub2,c3_bas1","c2_sub1,c2_bas2,c2_sub2,c2_bas1","c3_bas1,c3_bas2,c3_sub2,c3_sub1","c1_sup3,c1_sub1,c1_sup4,c1_sub2,c1_bas1,c1_bas2,c1_sup1","c1_sub1,c1_bas2,c1_sub2,c1_bas1",vehicles,3,three,"c3_sub1,c3_sub2",NA,NA,c3_sub3-c3_bas3-c3_bas4,c2_bas4-c2_sub3-c2_bas3,c1_sub5-c1_sub3-c1_sub4,c1_sup5-c1_sub3-c1_sup6,c1_sub3,c3_sub3,c2_sub3,three_subordinate,animals,c1_sub3-c1_bas3-c1_bas4,c3_sub3-c3_sup5-c3_sup6,"c2_sub1,c2_sub2",vehicles,tob,zom,three,tev,mep,rab,wug,rab,rif,fep,vegetables,animals,c3_sub5-c3_sub3-c3_sub4,c2_sub3-c2_sub4-c2_sub5,c2_sub3-c2_sup5-c2_sup6,vegetables,animals,vehicles,animals,vehicles,vegetables,vegetables,2,rif,English,fep,sib,NA,NA,three,one,one,one,three_subordinate,three_superordinate,three_basic,three_basic,three_basic,three_superordinate,2016-12-05T22:23:50Z,341YLJU21IZVM5WNMCVU0Z6D6ICI2P,NA,Approved,2016-12-05T22:27:37Z,1,41
2016-12-05T22:47:07Z,2016-12-05T22:46:12Z,3QY5DC2MXRKNJA1TUQ4HS5J0MKSFU1,three,three,three_subordinate,three_basic,one,one,one,three,three,three,three,"c2_bas1,c2_sup1,c2_sup4,c2_bas2,c2_sub2,c2_sub1,c2_sup2,c2_sup3","c3_sup4,c3_sup3,c3_sup2,c3_sub1,c3_sup1,c3_sub2,c3_bas1,c3_bas2","c1_sub2,c1_sub1,c1_bas2,c1_bas1","c1_bas1,c1_sub1,c1_sub2,c1_bas2","c3_sub2,c3_sub1,c3_bas2,c3_bas1","c2_bas1,c2_sub2,c2_bas2,c2_sub1","c2_sub2,c2_sub1","c2_bas1,c2_sub1,c2_bas2,c2_sub2","c1_sup1,c1_bas1,c1_bas2,c1_sup3,c1_sub2,c1_sup2,c1_sup4,c1_sub1","c3_sub1,c3_bas1,c3_bas2,c3_sub2",vegetables,2,three,"c3_sub1,c3_sub2",NA,NA,c2_bas4-c2_bas3-c2_sub3,c2_sub3-c2_sub4-c2_sub5,c3_sub3-c3_bas4-c3_bas3,c1_sup5-c1_sub3-c1_sup6,c1_sub3,c2_sub3,c3_sub3,three_subordinate,animals,c3_sup6-c3_sup5-c3_sub3,c2_sup6-c2_sub3-c2_sup5,"c1_sub2,c1_sub1,c1_bas2,c1_bas1",vegetables,mep,fep,three,rif,zom,rab,tev,wug,zom,sib,animals,vehicles,c3_sub4-c3_sub3-c3_sub5,c1_sub4-c1_sub3-c1_sub5,c1_bas3-c1_sub3-c1_bas4,vegetables,vehicles,animals,vehicles,vehicles,animals,vegetables,2,sib,English,wug,tob,NA,NA,three,one,one,one,three_basic,three_superordinate,three_basic,three_subordinate,three_superordinate,three_superordinate,2016-12-05T22:23:51Z,341YLJU21IZVM5WNMCVU0Z6D6ICI2P,NA,Approved,2016-12-05T22:36:12Z,1,42
2016-12-05T22:43:07Z,2016-12-05T22:42:13Z,3R8YZBNQ9HIICOF6VYM0UC9ULB37QK,three,three,three_superordinate,three_superordinate,one,one,one,three,three,three,three,"c2_sub2,c2_sub1,c2_bas1,c2_bas2","c1_sub1,c1_bas2,c1_bas1,c1_sub2","c1_bas1,c1_sub2,c1_bas2,c1_sub1","c3_sup3,c3_sub1,c3_sup2,c3_sup1,c3_sup4,c3_bas1,c3_bas2,c3_sub2","c3_sub1,c3_bas1,c3_bas2,c3_sub2","c2_sub2,c2_sub1,c2_bas1,c2_bas2","c3_bas1,c3_sub2,c3_bas2,c3_sub1","c2_sub2,c2_sub1,c2_bas2,c2_bas1","c3_sub1,c3_sub2","c1_sub1,c1_bas1,c1_sup1,c1_sup2,c1_sup4,c1_bas2,c1_sub2,c1_sup3",vegetables,1,three,"c2_bas1,c2_sub2,c2_sup3,c2_bas2,c2_sup1,c2_sup4,c2_sup2,c2_sub1",NA,Thank you for the study it was fun : ),c2_sub5-c2_sub3-c2_sub4,c3_bas3-c3_bas4-c3_sub3,c1_sub3-c1_sup6-c1_sup5,c3_sub5-c3_sub4-c3_sub3,c1_sub3,c2_sub3,c3_sub3,three_subordinate,vehicles,c1_bas3-c1_bas4-c1_sub3,c2_bas4-c2_sub3-c2_bas3,"c1_sub1,c1_sub2,c1_bas1,c1_bas2",animals,tev,wug,three,fep,rif,sib,tob,rab,fep,tob,vegetables,vehicles,c2_sup5-c2_sub3-c2_sup6,c1_sub4-c1_sub3-c1_sub5,c3_sub3-c3_sup5-c3_sup6,vegetables,vehicles,animals,vehicles,animals,vegetables,animals,2,zom,english,rab,mep,NA,NA,three,one,one,one,three_superordinate,three_subordinate,three_subordinate,three_basic,three_basic,three_basic,2016-12-05T22:23:21Z,341YLJU21IZVM5WNMCVU0Z6D6ICI2P,NA,Approved,2016-12-05T22:32:13Z,1,43
2016-12-05T22:38:07Z,2016-12-05T22:37:46Z,3S0TNUHWKTISNTGK0H8M8DYQDGKD88,three,three,three_subordinate,three_superordinate,one,one,one,three,three,three,three,"c1_sup4,c1_sup1,c1_sup2,c1_sub1,c1_bas1,c1_sub2,c1_sup3,c1_bas2","c2_bas1,c2_sub2,c2_bas2,c2_sub1","c3_sub2,c3_sub1,c3_sup3,c3_bas2,c3_bas1","c2_sub2,c2_sup2,c2_sup1,c2_sub1,c2_sup3,c2_bas2,c2_sup4,c2_bas1","c1_sub1,c1_sup3,c1_sup4,c1_sup1,c1_sub2,c1_bas1,c1_bas2","c2_sub2,c2_sub1,c2_sup1,c2_bas1,c2_bas2","c3_sup3,c3_sup2,c3_sup4,c3_bas1,c3_bas2,c3_sub1,c3_sup1,c3_sub2","c3_sub2,c3_sub1","c1_bas2,c1_sub1,c1_bas1,c1_sub2","c3_bas1,c3_sub1,c3_bas2,c3_sub2",vehicles,2,three,"c1_sub1,c1_sub2",Yes,NA,c3_sub4-c3_sub5-c3_sub3,c3_sub3-c3_sup5-c3_sup6,c3_bas4-c3_bas3-c3_sub3,c1_bas3-c1_sub3-c1_bas4,c3_sub3,c2_sub3,c1_sub3,three_subordinate,vegetables,c2_bas4-c2_sub3-c2_bas3,c1_sup6-c1_sub3-c1_sup5,"c2_sub1,c2_sub2",vehicles,fep,wug,three,rab,tev,mep,rif,rab,sib,tob,vehicles,vegetables,c1_sub3-c1_sub4-c1_sub5,c2_sub3-c2_sub5-c2_sub4,c2_sup5-c2_sub3-c2_sup6,animals,vehicles,vegetables,animals,animals,animals,vegetables,2,tob,English,sib,zom,Male,24,three,one,one,one,three_basic,three_basic,three_subordinate,three_superordinate,three_basic,three_superordinate,2016-12-05T22:23:56Z,341YLJU21IZVM5WNMCVU0Z6D6ICI2P,NA,Approved,2016-12-05T22:27:46Z,1,44
2016-12-05T22:42:07Z,2016-12-05T22:41:48Z,3TDXMTX3CBUMRQDIZGCZFWICZQ2I6T,three,three,three_superordinate,three_subordinate,one,one,one,three,three,three,three,"c1_bas1,c1_sub1,c1_bas2,c1_sub2","c1_sub2,c1_sub1","c1_sub1,c1_sub2","c3_sub1,c3_sub2","c2_sub1,c2_sub2","c3_sub1,c3_sub2","c2_sub2,c2_sub1","c2_sub2,c2_sub1",c1_sub1,"c2_sub1,c2_sub2",animals,2,three,"c3_sub2,c3_sub1",Yes,NA,c2_sub5-c2_sub3-c2_sub4,c2_sub3-c2_sup6-c2_sup5,c2_bas3-c2_bas4-c2_sub3,c1_sup5-c1_sup6-c1_sub3,c1_sub3,c3_sub3,c2_sub3,three_basic,animals,c1_sub4-c1_sub5-c1_sub3,c1_sub3-c1_bas4-c1_bas3,"c3_sub2,c3_sub1",animals,tob,wug,three,sib,mep,zom,tev,tob,rab,sib,vegetables,vegetables,c3_sub3-c3_sup6-c3_sup5,c3_bas4-c3_bas3-c3_sub3,c3_sub4-c3_sub5-c3_sub3,vegetables,animals,vehicles,vehicles,vehicles,vehicles,vegetables,2,fep,english,rif,rab,Male,27,three,one,one,one,three_basic,three_superordinate,three_subordinate,three_superordinate,three_subordinate,three_basic,2016-12-05T22:23:16Z,341YLJU21IZVM5WNMCVU0Z6D6ICI2P,NA,Approved,2016-12-05T22:31:48Z,1,45
2016-12-05T22:58:07Z,2016-12-05T22:57:37Z,3TOK3KHVJTIFRC2QGLUW57EU6AL7OC,three,three,three_superordinate,three_superordinate,one,one,one,three,three,three,three,"c1_sub2,c1_sub1","c2_sub1,c2_bas1,c2_sub2,c2_bas2","c3_sub1,c3_sub2,c3_bas1,c3_bas2","c3_sub2,c3_bas2,c3_sup3,c3_bas1,c3_sup1,c3_sup4","c2_bas2,c2_sub1,c2_sub2,c2_bas1","c1_sub2,c1_sub1,c1_bas2","c2_sub2,c2_sup4,c2_bas2,c2_sup2,c2_sub1,c2_sup1,c2_bas1","c1_bas2,c1_sub1,c1_bas1,c1_sub2","c3_sub2,c3_bas2,c3_sub1,c3_bas1","c3_sub2,c3_sub1",vehicles,2,three,"c1_sup2,c1_bas2,c1_sup4,c1_sup3,c1_sub2,c1_sup1,c1_bas1,c1_sub1",Yes,NA,c1_bas3-c1_bas4-c1_sub3,c2_sup6-c2_sub3-c2_sup5,c3_sub5-c3_sub3-c3_sub4,c3_bas3-c3_sub3-c3_bas4,c3_sub3,c1_sub3,c2_sub3,three_subordinate,vegetables,c2_sub3-c2_bas4-c2_bas3,c1_sub3-c1_sub4-c1_sub5,"c2_sub2,c2_sub1",animals,wug,fep,three,tev,rab,sib,zom,sib,fep,tob,vehicles,vegetables,c1_sup5-c1_sup6-c1_sub3,c2_sub5-c2_sub3-c2_sub4,c3_sub3-c3_sup5-c3_sup6,animals,vegetables,vehicles,vegetables,vehicles,animals,animals,2,mep,English,tob,rif,Female,22,three,one,one,one,three_subordinate,three_basic,three_basic,three_superordinate,three_basic,three_subordinate,2016-12-05T22:23:17Z,341YLJU21IZVM5WNMCVU0Z6D6ICI2P,NA,Approved,2016-12-05T22:47:37Z,1,46
2016-12-05T22:38:07Z,2016-12-05T22:37:08Z,3URFVVM165ITORSTV2YOVXZIYPLZU8,three,three,three_basic,three_basic,one,one,one,three,three,three,three,"c2_sub1,c2_sup4,c2_sup1,c2_bas2,c2_sup2,c2_bas1,c2_sub2","c1_sup4,c1_bas2,c1_sub2,c1_sup2,c1_bas1,c1_sup1,c1_sub1,c1_sup3","c1_sub1,c1_sub2,c1_bas2,c1_bas1","c1_sub1,c1_sub2,c1_bas2,c1_bas1","c2_sub1,c2_bas1,c2_sub2,c2_bas2","c3_sub2,c3_sub1,c3_bas1,c3_bas2","c1_sub2,c1_sup4,c1_sup1,c1_sub1,c1_sup3","c2_sub2,c2_bas1,c2_bas2,c2_sub1","c3_sub2,c3_bas2,c3_sub1,c3_sup3,c3_bas1,c3_sup4,c3_sup1","c2_sub1,c2_sub2",animals,2,three,"c3_sub1,c3_bas1,c3_bas2",NA,ty,c2_bas4-c2_bas3-c2_sub3,c1_sub4-c1_sub5-c1_sub3,c2_sub5-c2_sub4-c2_sub3,c3_sup6-c3_sup5-c3_sub3,c1_sub3,c3_sub3,c2_sub3,three_subordinate,animals,c1_sup5-c1_sup6-c1_sub3,c2_sup5-c2_sup6-c2_sub3,"c3_sub2,c3_sub1",vegetables,rab,zom,three,fep,tob,wug,mep,tob,sib,wug,vegetables,vehicles,c3_sub3-c3_bas3-c3_bas4,c3_sub3-c3_sub4-c3_sub5,c1_sub3-c1_bas4-c1_bas3,vegetables,animals,vehicles,vehicles,vegetables,vehicles,animals,1,tev,english,sib,rif,NA,NA,three,one,one,one,three_subordinate,three_superordinate,three_basic,three_subordinate,three_superordinate,three_superordinate,2016-12-05T22:23:32Z,341YLJU21IZVM5WNMCVU0Z6D6ICI2P,NA,Approved,2016-12-05T22:27:08Z,1,47
2016-12-05T22:56:07Z,2016-12-05T22:55:49Z,3VNL7UK1XFJ8JXM4ULE7N9XY36LFTA,three,three,three_superordinate,three_basic,one,one,one,three,three,three,three,"c3_sup2,c3_sup1,c3_bas1,c3_sub2,c3_sup3,c3_bas2,c3_sup4,c3_sub1","c1_sub2,c1_sub1","c2_sub2,c2_sub1","c1_bas2,c1_sub2,c1_bas1,c1_sub1","c1_sub2,c1_sub1","c3_sub2,c3_sub1","c3_bas1,c3_bas2","c1_sub2,c1_bas2,c1_sub1,c1_bas1","c2_sub1,c2_sub2","c2_sub2,c2_bas2,c2_sub1",animals,3,three,"c2_sub2,c2_sup4,c2_sub1,c2_sup1,c2_bas1,c2_bas2",NA,NA,c1_sup5-c1_sup6-c1_sub3,c3_bas4-c3_sub3-c3_bas3,c2_sub3-c2_bas4-c2_bas3,c2_sub4-c2_sub5-c2_sub3,c2_sub3,c3_sub3,c1_sub3,three_subordinate,vehicles,c1_sub4-c1_sub5-c1_sub3,c3_sub3-c3_sup5-c3_sup6,"c3_sub2,c3_sub1",vegetables,sib,zom,three,mep,tev,tob,fep,fep,rif,sib,vegetables,animals,c2_sup5-c2_sup6-c2_sub3,c3_sub4-c3_sub5-c3_sub3,c1_sub3-c1_bas4-c1_bas3,vehicles,animals,vegetables,vegetables,animals,vehicles,vehicles,2,wug,English,rif,rab,NA,NA,three,one,one,one,three_basic,three_subordinate,three_superordinate,three_basic,three_subordinate,three_superordinate,2016-12-05T22:23:37Z,341YLJU21IZVM5WNMCVU0Z6D6ICI2P,NA,Approved,2016-12-05T22:45:49Z,1,48
2016-12-05T22:44:07Z,2016-12-05T22:43:15Z,3ZGVPD4G6THEOED4VX8EQ1DGFBEZTH,three,three,three_basic,three_superordinate,one,one,one,three,three,three,three,"c2_sup1,c2_sub2,c2_bas1","c2_sub2,c2_bas1,c2_sup1","c3_sub2,c3_sub1,c3_bas2","c1_sub2,c1_sup2,c1_sup3","c1_sub1,c1_sub2","c2_sub1,c2_bas2,c2_bas1,c2_sub2","c3_sub2,c3_sub1,c3_bas1","c1_sub2,c1_sub1,c1_bas1","c2_sub1,c2_bas2,c2_sub2","c1_bas1,c1_sub2,c1_sub1",animals,3,three,"c3_bas2,c3_bas1,c3_sub2",Yes,NA,c1_sub4-c1_sub5-c1_sub3,c3_sub3-c3_sub5-c3_sub4,c1_sub3-c1_bas4-c1_bas3,c2_sub3-c2_sub5-c2_sub4,c3_sub3,c2_sub3,c1_sub3,three_superordinate,animals,c2_sub3-c2_bas3-c2_bas4,c2_sup6-c2_sub3-c2_sup5,"c3_sup3,c3_sub1,c3_sup2",vegetables,tob,rab,three,mep,fep,zom,rif,fep,rif,mep,vehicles,vehicles,c3_bas4-c3_bas3-c3_sub3,c3_sup5-c3_sub3-c3_sup6,c1_sub3-c1_sup5-c1_sup6,animals,vehicles,vegetables,vegetables,animals,vegetables,vehicles,2,tev,English,sib,wug,Female,33,three,one,one,one,three_basic,three_subordinate,three_subordinate,three_subordinate,three_basic,three_superordinate,2016-12-05T22:23:31Z,341YLJU21IZVM5WNMCVU0Z6D6ICI2P,NA,Approved,2016-12-05T22:33:15Z,1,49
2016-12-05T22:44:07Z,2016-12-05T22:43:55Z,3ZSANO2JCF774X9P5L9HD41C1N7FSL,three,three,three_basic,three_basic,one,one,one,three,three,three,three,"c2_bas1,c2_sup3,c2_sub1,c2_sup4,c2_sup2,c2_sup1,c2_bas2,c2_sub2","c2_bas2,c2_bas1,c2_sub1,c2_sub2","c1_sub2,c1_sub1","c1_sub1,c1_sub2,c1_bas2,c1_bas1","c3_sub2,c3_sub1","c2_sub2,c2_sub1","c1_sub1,c1_sup3,c1_sub2,c1_sup2,c1_bas2,c1_sup1,c1_sup4,c1_bas1","c1_sub2,c1_sub1","c2_sub1,c2_sub2","c3_sub2,c3_sub1",animals,3,three,"c3_sub2,c3_sub1,c3_bas1,c3_bas2",NA,NA,c1_sub3-c1_sub4-c1_sub5,c1_sup6-c1_sup5-c1_sub3,c3_sub4-c3_sub3-c3_sub5,c2_sub5-c2_sub3-c2_sub4,c1_sub3,c2_sub3,c3_sub3,three_superordinate,animals,c2_sub3-c2_bas4-c2_bas3,c2_sub3-c2_sup6-c2_sup5,"c3_sub1,c3_bas1,c3_sup4,c3_sub2,c3_sup1,c3_bas2,c3_sup3,c3_sup2",vegetables,zom,wug,three,fep,rif,tev,rab,fep,rab,tev,vehicles,vehicles,c3_sub3-c3_bas4-c3_bas3,c3_sup6-c3_sub3-c3_sup5,c1_bas4-c1_bas3-c1_sub3,vegetables,vehicles,animals,vegetables,vegetables,animals,vehicles,2,sib,English,tob,mep,NA,NA,three,one,one,one,three_subordinate,three_subordinate,three_subordinate,three_superordinate,three_basic,three_superordinate,2016-12-05T22:23:21Z,341YLJU21IZVM5WNMCVU0Z6D6ICI2P,NA,Approved,2016-12-05T22:33:55Z,1,50
