AutoApprovalTime,AssignmentId,trainBlock_T9,trainBlock_T8,condition_T12,condition_T11,trainBlock_T1,trainBlock_T3,trainBlock_T2,trainBlock_T5,trainBlock_T4,trainBlock_T7,trainBlock_T6,selected_T9,selected_T8,selected_T1,selected_T11,selected_T3,selected_T2,selected_T5,selected_T4,selected_T7,selected_T6,category_T10,education,trainBlock_T10,selected_T12,asses,comments,trainPics_T4,trainPics_T5,trainPics_T6,trainPics_T7,trainPics_T1,trainPics_T2,trainPics_T3,condition_T10,category_T12,trainPics_T8,trainPics_T9,selected_T10,category_T11,word_T8,word_T9,trainBlock_T12,word_T4,word_T5,word_T6,word_T7,word_T1,word_T2,word_T3,category_T8,category_T9,trainPics_T12,trainPics_T10,trainPics_T11,category_T1,category_T2,category_T3,category_T4,category_T5,category_T6,category_T7,enjoyment,word_T12,language,word_T10,word_T11,gender,age,trainBlock_T11,condition_T2,condition_T3,condition_T1,condition_T6,condition_T7,condition_T4,condition_T5,condition_T8,condition_T9,AcceptTime,HITId,Assignment,AssignmentStatus,SubmitTime,ApprovalTime,subids
2017-01-11T20:40:36Z,317HQ483I7SUYBJAYXYGH74YVV2IN9,three,three,three_basic,three_subordinate,one,one,one,three,three,three,three,"c2_sub2,c2_bas1,c2_sub1,c2_sup1","c3_sub1,c3_bas2,c3_bas1,c3_sub2","c1_bas2,c1_sub1,c1_sub2,c1_bas1","c1_sub1,c1_sub2","c3_sub1,c3_bas1,c3_bas2,c3_sub2","c2_bas1,c2_sub2,c2_bas2,c2_sub1","c3_sup4,c3_bas2,c3_sub2,c3_sup3,c3_sub1,c3_bas1,c3_sup1,c3_sup2","c3_sub1,c3_sub2","c2_sub2,c2_sub1","c2_bas1,c2_sub1",vegetables,1,three,"c1_sub2,c1_sub1,c1_bas1,c1_bas2",Yes,,c3_sub4-c3_sub5-c3_sub3,c3_sub3-c3_sup6-c3_sup5,c2_sub3-c2_bas3-c2_bas4,c2_sub4-c2_sub5-c2_sub3,c1_sub3,c2_sub3,c3_sub3,three_superordinate,vegetables,c3_bas4-c3_bas3-c3_sub3,c2_sup6-c2_sup5-c2_sub3,"c1_sup3,c1_sup2,c1_sub2,c1_sup1,c1_bas2,c1_bas1,c1_sub1,c1_sup4",vegetables,zom,rif,three,tob,sib,rab,tev,mep,tev,tob,animals,vehicles,c1_bas3-c1_bas4-c1_sub3,c1_sup5-c1_sup6-c1_sub3,c1_sub5-c1_sub4-c1_sub3,vegetables,vehicles,animals,animals,animals,vehicles,vehicles,2,fep,english,wug,mep,Female,51,three,one,one,one,three_basic,three_subordinate,three_subordinate,three_superordinate,three_basic,three_superordinate,2017-01-11T20:15:43Z,3126F2F5F83FY7V7SRGFBXGEP9HPEE,,Submitted,2017-01-11T20:30:36Z,NA,1
2017-01-11T20:30:38Z,31Q0U3WYDPFUVKVPAJWLTB1MEEM71V,three,three,three_subordinate,three_subordinate,one,one,one,three,three,three,three,"c2_sub1,c2_sup3,c2_sub2,c2_sup2,c2_bas2,c2_sup1,c2_sup4,c2_bas1","c2_bas1,c2_sub1,c2_sub2,c2_bas2","c3_sub1,c3_sub2","c3_sub2,c3_sub1","c2_sub1,c2_sub2","c1_sub1,c1_sub2","c3_sub2,c3_bas1,c3_sub1,c3_bas2","c1_sub2,c1_sub1","c1_sup3,c1_sup4,c1_bas1,c1_sub1,c1_bas2,c1_sub2,c1_sup1,c1_sup2","c1_sub2,c1_bas1,c1_bas2,c1_sub1",animals,2,three,"c2_sub1,c2_sub2",Yes,None,c1_sub5-c1_sub3-c1_sub4,c3_sub3-c3_bas3-c3_bas4,c1_bas4-c1_sub3-c1_bas3,c1_sup5-c1_sub3-c1_sup6,c3_sub3,c1_sub3,c2_sub3,three_superordinate,vehicles,c2_sub3-c2_bas3-c2_bas4,c2_sub3-c2_sup6-c2_sup5,"c3_sup2,c3_sub1,c3_bas1,c3_bas2,c3_sup1,c3_sub2,c3_sup4,c3_sup3",animals,tob,rab,three,wug,sib,tev,mep,fep,wug,rif,vehicles,vehicles,c2_sub5-c2_sub4-c2_sub3,c3_sub3-c3_sup5-c3_sup6,c3_sub3-c3_sub5-c3_sub4,animals,vegetables,vehicles,vegetables,animals,vegetables,vegetables,2,rif,English,zom,fep,Male,31,three,one,one,one,three_basic,three_superordinate,three_subordinate,three_basic,three_basic,three_superordinate,2017-01-11T20:15:43Z,3126F2F5F83FY7V7SRGFBXGEP9HPEE,,Approved,2017-01-11T20:20:38Z,2017-01-11T20:31:07Z,2
2017-01-11T22:05:32Z,31Z0PCVWUKFV447YC2GVZHKH6XCT7P,three,three,three_subordinate,three_superordinate,one,one,one,three,three,three,three,"c1_sub1,c1_sub2,c1_bas1,c1_bas2","c1_sub1,c1_sup4,c1_bas2,c1_sup1,c1_sub2,c1_bas1,c1_sup3","c3_sup4,c1_sup1,c2_sup1,c1_sup4,c1_sub1,c2_sup4,c2_bas2,c3_sup3,c3_sub1,c1_sup3,c1_sub2,c1_bas1,c3_sup2,c2_sub1,c3_sup1,c2_bas1,c2_sup2,c3_bas2,c1_bas2,c1_sup2,c2_sup3,c3_bas1,c3_sub2,c2_sub2","c2_bas2,c2_bas1,c2_sup2,c2_sup1,c2_sub1,c2_sub2","c1_sup3,c1_sup4,c1_bas1,c1_sup2,c1_sub1,c1_bas2,c1_sub2,c1_sup1","c3_bas1,c3_sub2,c3_bas2,c3_sub1","c3_bas1,c3_sub2,c3_bas2,c3_sub1","c3_sup2,c3_sub1,c3_sup1,c3_sub2,c3_sup4,c3_bas2,c3_bas1,c3_sup3","c1_sub2,c1_sub1,c1_bas2,c1_bas1","c3_sub2,c3_sub1",vehicles,3,three,"c2_sub1,c2_bas1,c2_sub2,c2_bas2","NA",This was fun,c3_sup6-c3_sub3-c3_sup5,c3_bas4-c3_sub3-c3_bas3,c3_sub4-c3_sub3-c3_sub5,c1_sub4-c1_sub5-c1_sub3,c2_sub3,c3_sub3,c1_sub3,three_basic,vehicles,c1_sup5-c1_sup6-c1_sub3,c1_sub3-c1_bas4-c1_bas3,"c2_sub2,c2_bas1,c2_sub1,c2_bas2",vehicles,rab,tev,three,tob,rif,wug,sib,fep,wug,sib,vegetables,vegetables,c2_sub4-c2_sub3-c2_sub5,c2_sub3-c2_bas4-c2_bas3,c2_sup5-c2_sup6-c2_sub3,vehicles,animals,vegetables,animals,animals,animals,vegetables,2,fep,English,zom,mep,,,three,one,one,one,three_subordinate,three_subordinate,three_superordinate,three_basic,three_superordinate,three_basic,2017-01-11T21:15:42Z,3126F2F5F83FY7V7SRGFBXGEP9HPEE,,Submitted,2017-01-11T21:55:32Z,NA,3
2017-01-11T20:34:29Z,339ANSOTR52TQ5Y71K60PFNU10XIK4,three,three,three_superordinate,three_basic,one,one,one,three,three,three,three,"c1_bas1,c1_sub2,c1_sub1,c1_bas2","c3_sub1,c3_bas2,c3_sup2,c3_sup3,c3_sup1,c3_sup4,c3_bas1,c3_sub2","c3_bas2,c3_bas1,c3_sub1,c3_sub2","c3_bas2,c3_bas1,c3_sub1,c3_sub2","c1_sub2,c1_bas2,c1_sub1,c1_bas1","c2_sup1,c2_sup2,c2_sub2,c2_bas2,c2_sup4,c2_bas1,c2_sup3,c2_sub1","c1_sub1,c1_sub2","c2_sub1,c2_sub2","c3_sub1,c3_sub2","c2_sub2,c2_bas2,c2_bas1,c2_sub1",vegetables,3,three,"c2_sup1,c2_sup3,c2_sub2,c2_sub1,c2_sup2,c2_bas2,c2_sup4,c2_bas1",Yes,,c2_sub3-c2_sub5-c2_sub4,c1_sub3-c1_sub5-c1_sub4,c2_bas3-c2_sub3-c2_bas4,c3_sub3-c3_sub4-c3_sub5,c3_sub3,c2_sub3,c1_sub3,three_superordinate,vehicles,c3_sup6-c3_sup5-c3_sub3,c1_bas3-c1_sub3-c1_bas4,"c1_bas1,c1_sup3,c1_bas2,c1_sup4,c1_sup2,c1_sub2,c1_sub1,c1_sup1",animals,tev,mep,three,rif,zom,sib,wug,wug,rif,zom,animals,vegetables,c2_sup5-c2_sub3-c2_sup6,c1_sup5-c1_sup6-c1_sub3,c3_sub3-c3_bas3-c3_bas4,animals,vehicles,vegetables,vehicles,vegetables,vehicles,animals,2,rab,english,tob,fep,Female,27,three,one,one,one,three_basic,three_subordinate,three_subordinate,three_subordinate,three_superordinate,three_basic,2017-01-11T20:15:43Z,3126F2F5F83FY7V7SRGFBXGEP9HPEE,,Approved,2017-01-11T20:24:29Z,2017-01-11T20:35:07Z,4
2017-01-11T20:29:16Z,34S9DKFK73PGOBYF2FKJ3VYMLEZYNU,three,three,three_superordinate,three_superordinate,one,one,one,three,three,three,three,"c2_sub1,c2_sub2","c3_sup1,c3_sup4,c3_bas1,c3_bas2,c3_sup3,c3_sup2,c3_sub1,c3_sub2",c1_sub2,"c2_sup2,c2_bas1,c2_sup1,c2_sub1,c2_sup4,c2_bas2,c2_sub2,c2_sup3",c2_sub1,"c3_sub2,c3_sub1","c1_sub2,c1_sub1","c2_sub2,c2_sub1,c2_bas2,c2_bas1","c1_bas2,c1_sub1,c1_sub2,c1_bas1","c3_sub1,c3_sub2",animals,3,three,"c1_sup1,c1_bas2,c1_bas1,c1_sup3,c1_sub1,c1_sup4,c1_sub2,c1_sup2","NA","interesting hit, thanks!",c2_bas4-c2_sub3-c2_bas3,c1_sub3-c1_sub4-c1_sub5,c3_sub4-c3_sub3-c3_sub5,c1_bas3-c1_bas4-c1_sub3,c1_sub3,c3_sub3,c2_sub3,three_basic,vegetables,c3_sub3-c3_sup6-c3_sup5,c2_sub4-c2_sub5-c2_sub3,"c3_sub2,c3_sub1,c3_bas2,c3_bas1",vehicles,tev,rab,three,mep,fep,rif,wug,fep,rif,rab,animals,vehicles,c1_sup6-c1_sub3-c1_sup5,c3_bas4-c3_bas3-c3_sub3,c2_sub3-c2_sup6-c2_sup5,vegetables,animals,vehicles,vehicles,vegetables,animals,vegetables,2,zom,English,tob,sib,,,three,one,one,one,three_subordinate,three_basic,three_basic,three_subordinate,three_superordinate,three_subordinate,2017-01-11T20:15:45Z,3126F2F5F83FY7V7SRGFBXGEP9HPEE,,Approved,2017-01-11T20:19:16Z,2017-01-11T20:30:07Z,5
2017-01-11T20:32:38Z,34V1S5K3GS1TGPKFVM6M23J9HFQ967,three,three,three_basic,three_basic,one,one,one,three,three,three,three,"c1_sub2,c1_sup2,c1_sub1,c1_bas2,c1_bas1,c1_sup4,c1_sup1,c1_sup3","c1_sub1,c1_bas2,c1_bas1,c1_sub2","c1_bas1,c1_sub1,c1_sub2","c1_sub1,c1_sub2,c1_bas2,c1_bas1","c2_sub2,c2_sub1","c3_sub1,c3_sub2","c3_sub1,c3_sub2","c2_sub2,c2_sub1","c2_sup2,c2_sub1,c2_sup1,c2_sup3,c2_bas2,c2_sup4,c2_bas1,c2_sub2","c3_bas1,c3_sup4,c3_sup3,c3_sup1,c3_sub2,c3_sup2,c3_sub1,c3_bas2",vehicles,3,three,"c3_bas2,c3_sub2,c3_bas1,c3_sub1",Yes,,c2_sub5-c2_sub4-c2_sub3,c3_sub3-c3_sub5-c3_sub4,c3_sup6-c3_sub3-c3_sup5,c2_bas4-c2_bas3-c2_sub3,c1_sub3,c3_sub3,c2_sub3,three_superordinate,animals,c1_sub5-c1_sub4-c1_sub3,c1_sup5-c1_sup6-c1_sub3,"c2_sup1,c2_bas1,c2_sub2,c2_sup4,c2_sup3,c2_sub1,c2_sup2,c2_bas2",vegetables,tev,wug,three,fep,mep,tob,sib,tev,mep,fep,vegetables,vegetables,c3_bas3-c3_bas4-c3_sub3,c2_sup5-c2_sup6-c2_sub3,c1_sub3-c1_bas4-c1_bas3,vegetables,animals,vehicles,vehicles,animals,animals,vehicles,1,rab,english,zom,rif,Female,36,three,one,one,one,three_superordinate,three_basic,three_subordinate,three_subordinate,three_subordinate,three_superordinate,2017-01-11T20:15:39Z,3126F2F5F83FY7V7SRGFBXGEP9HPEE,,Approved,2017-01-11T20:22:38Z,2017-01-11T20:33:07Z,6
2017-01-11T20:54:08Z,3570Y55XZPJAEJHTFB7ODBPPK2DYGM,three,three,three_superordinate,three_basic,one,one,one,three,three,three,three,"c2_bas2,c2_bas1,c2_sub1,c2_sub2","c3_sub2,c3_bas1,c3_bas2,c3_sub1","c3_sub1,c3_bas2,c3_bas1,c3_sub2","c1_sub1,c1_bas2,c1_sub2,c1_bas1","c2_bas1,c2_sub2,c2_sub1","c1_bas2,c1_bas1,c1_sub1,c1_sup1,c1_sup4","c3_bas2,c3_bas1,c3_sub1,c3_sub2","c3_sub2,c3_sub1","c2_sub2,c2_sub1","c1_sub2,c1_bas2,c1_sub1",vehicles,2,three,"c1_bas1,c1_sup3,c1_sub2,c1_bas2,c1_sub1,c1_sup4","NA",Great study,c3_sub5-c3_sub3-c3_sub4,c3_sub3-c3_sup6-c3_sup5,c1_sub3-c1_sub4-c1_sub5,c2_sub3-c2_sub4-c2_sub5,c3_sub3,c1_sub3,c2_sub3,three_superordinate,vegetables,c3_bas4-c3_bas3-c3_sub3,c2_bas4-c2_bas3-c2_sub3,"c2_sup1,c2_sub1,c2_sub2,c2_bas2,c2_sup2",vegetables,zom,mep,three,tob,wug,rab,fep,tob,rab,fep,animals,vehicles,c1_sup6-c1_sub3-c1_sup5,c2_sup5-c2_sup6-c2_sub3,c1_bas4-c1_bas3-c1_sub3,animals,vegetables,vehicles,animals,animals,vegetables,vehicles,2,tev,English,sib,rif,,30,three,one,one,one,three_subordinate,three_subordinate,three_subordinate,three_superordinate,three_basic,three_basic,2017-01-11T20:15:38Z,3126F2F5F83FY7V7SRGFBXGEP9HPEE,,Submitted,2017-01-11T20:44:08Z,NA,7
2017-01-11T22:30:03Z,35LDD5557A4FMOOYMZ4SH8UBI9VKM0,three,three,three_superordinate,three_superordinate,one,one,one,three,three,three,three,"c1_sub1,c1_bas2,c1_bas1,c1_sub2","c2_bas1,c2_bas2,c2_sub2,c2_sub1","c1_bas1,c1_sub2,c1_bas2,c1_sub1","c1_sub1,c1_sup2,c1_sub2,c1_bas1,c1_sup4,c1_sup1,c1_bas2,c1_sup3","c2_sub1,c2_bas2,c2_sub2,c2_bas1","c3_bas1,c3_bas2,c3_sub2,c3_sub1","c2_sub1,c2_bas1,c2_bas2,c2_sub2","c3_bas1,c3_sub2,c3_sub1","c2_sub1,c2_sup1,c2_sup2,c2_sup4,c2_bas2,c2_sub2,c2_sup3,c2_bas1","c1_bas1,c1_sub2,c1_sub1,c1_bas2",animals,2,three,"c3_sup3,c3_sub2,c3_sup1,c3_bas2,c3_sup2,c3_sub1,c3_sup4,c3_bas1","NA",,c3_bas3-c3_bas4-c3_sub3,c2_bas4-c2_bas3-c2_sub3,c1_sub3-c1_bas4-c1_bas3,c2_sub3-c2_sup6-c2_sup5,c1_sub3,c3_sub3,c2_sub3,three_subordinate,animals,c2_sub5-c2_sub4-c2_sub3,c1_sub4-c1_sub5-c1_sub3,"c3_sub2,c3_sub1",vegetables,tob,rif,three,sib,mep,zom,fep,rif,wug,tob,vehicles,vegetables,c3_sub3-c3_sup5-c3_sup6,c3_sub4-c3_sub3-c3_sub5,c1_sup5-c1_sub3-c1_sup6,vegetables,animals,vehicles,animals,vehicles,vegetables,vehicles,2,rab,English,wug,tev,,,three,one,one,one,three_basic,three_superordinate,three_basic,three_basic,three_subordinate,three_subordinate,2017-01-11T22:06:37Z,3126F2F5F83FY7V7SRGFBXGEP9HPEE,,Approved,2017-01-11T22:20:03Z,2017-01-11T22:30:07Z,8
2017-01-11T22:15:28Z,369J354OFDA8VZ7N9SCWUK5WLSLG65,three,three,three_subordinate,three_superordinate,one,one,one,three,three,three,three,"c2_bas1,c2_sub2,c2_bas2,c2_sub1","c3_bas1,c3_bas2,c3_sub2,c3_sub1","c2_sub1,c2_sub2","c1_sup3,c1_sub1,c1_sup4,c1_bas2,c1_bas1,c1_sub2,c1_sup1,c1_sup2","c3_sub1,c3_sub2","c1_sub1,c1_sub2","c3_sub2,c3_bas2,c3_bas1,c3_sub1,c3_sup4,c3_sup2,c3_sup1,c3_sup3","c2_sub1,c2_sub2","c3_sub2,c3_sub1","c1_sub2,c1_bas1,c1_sub1,c1_bas2",vehicles,3,three,"c1_sub2,c1_sub1",Yes,,c2_sub4-c2_sub5-c2_sub3,c3_sub3-c3_sup6-c3_sup5,c1_bas4-c1_sub3-c1_bas3,c3_sub3-c3_sub4-c3_sub5,c2_sub3,c1_sub3,c3_sub3,three_superordinate,vegetables,c3_sub3-c3_bas4-c3_bas3,c2_sub3-c2_bas4-c2_bas3,"c2_bas1,c2_sup1,c2_bas2,c2_sup4,c2_sub2,c2_sub1",vegetables,tob,tev,three,fep,zom,rab,sib,fep,rif,sib,animals,vehicles,c1_sub5-c1_sub4-c1_sub3,c2_sup5-c2_sub3-c2_sup6,c1_sub3-c1_sup6-c1_sup5,vehicles,vegetables,animals,vehicles,animals,vegetables,animals,1,rif,English,mep,wug,Male,25,three,one,one,one,three_basic,three_subordinate,three_subordinate,three_superordinate,three_basic,three_basic,2017-01-11T21:16:30Z,3126F2F5F83FY7V7SRGFBXGEP9HPEE,,Submitted,2017-01-11T22:05:28Z,NA,9
2017-01-11T20:32:10Z,36AHBNMV1RC72Z72DL6G7QMS7AXYDC,three,three,three_subordinate,three_superordinate,one,one,one,three,three,three,three,"c2_sub1,c2_sub2,c2_bas1,c2_sup1,c2_sup2,c2_bas2,c2_sup3","c2_bas1,c2_sub1,c2_sub2,c2_bas2","c2_sub1,c2_sub2","c3_sup2,c3_sup1,c3_sup3,c3_sub2,c3_sub1,c3_sup4,c3_bas1","c3_sub1,c3_sub2","c1_sub1,c1_bas1,c1_sub2,c1_bas2","c3_sub1,c3_sub2","c2_sub2,c2_sub1","c1_bas2,c1_bas1,c1_sub2,c1_sub1","c1_bas2,c1_sup1,c1_sub1,c1_sub2,c1_sup4,c1_bas1,c1_sup2",animals,3,three,"c1_sub1,c1_sub2","NA",,c2_sub3-c2_sub4-c2_sub5,c3_sub3-c3_sub5-c3_sub4,c1_sup5-c1_sub3-c1_sup6,c1_bas4-c1_bas3-c1_sub3,c2_sub3,c1_sub3,c3_sub3,three_basic,vegetables,c2_bas3-c2_sub3-c2_bas4,c2_sup6-c2_sup5-c2_sub3,"c3_bas2,c3_bas1,c3_sub1,c3_sub2",animals,mep,fep,three,tob,zom,sib,rab,tob,wug,zom,vehicles,vehicles,c1_sub4-c1_sub3-c1_sub5,c3_sub3-c3_bas3-c3_bas4,c3_sup6-c3_sub3-c3_sup5,vehicles,vegetables,animals,vehicles,animals,vegetables,vegetables,1,wug,English,tev,rif,,,three,one,one,one,three_superordinate,three_basic,three_subordinate,three_subordinate,three_basic,three_superordinate,2017-01-11T20:15:34Z,3126F2F5F83FY7V7SRGFBXGEP9HPEE,,Approved,2017-01-11T20:22:10Z,2017-01-11T20:33:07Z,10
2017-01-11T20:29:48Z,36ZN444YTRYCGWJMZCYTWW43L57IOO,three,three,three_subordinate,three_basic,one,one,one,three,three,three,three,"c3_bas1,c3_bas2,c3_sub1,c3_sub2","c2_sub2,c2_sub1","c2_sub1,c2_sub2,c2_bas1,c2_sup1","c2_sup1,c2_sub1,c2_bas1,c2_sub2,c2_bas2","c3_sub1,c3_sup3,c3_bas1,c3_sub2,c3_bas2","c1_sub2,c1_sub1,c1_bas2,c1_bas1","c3_sub2,c3_bas2,c3_bas1,c3_sub1","c1_sub2,c1_bas1,c1_sub1,c1_bas2","c1_sub2,c1_bas1,c1_bas2,c1_sub1","c1_sub2,c1_bas1,c1_bas2,c1_sub1",vehicles,2,three,"c3_bas1,c3_sub2,c3_bas2,c3_sub1","NA",thanks,c1_sub3-c1_bas3-c1_bas4,c3_bas4-c3_sub3-c3_bas3,c1_sub4-c1_sub5-c1_sub3,c1_sup5-c1_sub3-c1_sup6,c2_sub3,c1_sub3,c3_sub3,three_superordinate,animals,c2_sub4-c2_sub3-c2_sub5,c3_sup6-c3_sup5-c3_sub3,"c2_sub1,c2_sub2,c2_bas2,c2_bas1",vehicles,rif,zom,three,wug,mep,rab,tev,rif,rab,tob,vehicles,animals,c3_sub4-c3_sub3-c3_sub5,c2_sup5-c2_sup6-c2_sub3,c2_bas3-c2_sub3-c2_bas4,vehicles,vegetables,animals,vegetables,animals,vegetables,vegetables,1,tob,english,sib,fep,,,three,one,one,one,three_subordinate,three_superordinate,three_basic,three_basic,three_subordinate,three_superordinate,2017-01-11T20:15:45Z,3126F2F5F83FY7V7SRGFBXGEP9HPEE,,Approved,2017-01-11T20:19:48Z,2017-01-11T20:30:07Z,11
2017-01-11T20:45:45Z,37UEWGM5HT84D3F4JXURYSSMFQG1RO,three,three,three_subordinate,three_basic,one,one,one,three,three,three,three,"c2_sub2,c2_sup1,c2_sub1,c2_sup2","c2_sub2,c2_sub1","c2_sub2,c2_sub1,c2_bas2,c2_bas1","c2_sub1,c2_bas1,c2_sub2,c2_bas2","c1_bas1,c1_sub2,c1_bas2,c1_sub1","c3_bas1,c3_bas2,c3_sub1","c3_sub1,c3_sub2","c1_sub2,c1_sub1,c1_bas2,c1_bas1,c1_sup1,c1_sup3,c1_sup2,c1_sup4","c3_bas2,c3_bas1,c3_sub2,c3_sub1","c3_sub2,c3_sub1,c3_bas2,c3_bas1",vegetables,2,three,"c1_sub1,c1_sub2","NA",,c1_sup6-c1_sup5-c1_sub3,c3_sub3-c3_sub4-c3_sub5,c3_bas3-c3_sub3-c3_bas4,c3_sup6-c3_sup5-c3_sub3,c2_sub3,c3_sub3,c1_sub3,three_basic,vegetables,c2_sub5-c2_sub4-c2_sub3,c2_sup6-c2_sup5-c2_sub3,"c1_bas2,c1_bas1,c1_sub2,c1_sub1",vehicles,rab,mep,three,fep,wug,zom,tob,rab,wug,tev,vehicles,vehicles,c1_sub3-c1_sub5-c1_sub4,c1_bas4-c1_bas3-c1_sub3,c2_bas4-c2_sub3-c2_bas3,vehicles,animals,vegetables,vegetables,animals,animals,animals,1,tev,english,sib,rif,,,three,one,one,one,three_basic,three_superordinate,three_superordinate,three_subordinate,three_subordinate,three_superordinate,2017-01-11T20:15:37Z,3126F2F5F83FY7V7SRGFBXGEP9HPEE,,Submitted,2017-01-11T20:35:45Z,NA,12
2017-01-11T20:32:24Z,39OWYR0EPKR40JLY4R16VQPDJNDYFN,three,three,three_superordinate,three_superordinate,one,one,one,three,three,three,three,"c3_sub1,c3_bas2,c3_bas1,c3_sub2","c2_sub1,c2_sub2","c3_bas1,c3_sub2,c3_bas2,c3_sub1","c3_bas2,c3_sub2,c3_sup1,c3_sub1,c3_sup4,c3_sup3,c3_bas1,c3_sup2","c1_bas2,c1_sub2,c1_bas1,c1_sub1","c2_sub2,c2_bas1,c2_sub1,c2_bas2","c1_sub2,c1_sub1","c1_bas1,c1_sub1,c1_bas2,c1_sub2","c3_sub1,c3_sub2","c2_sub2,c2_bas1,c2_sup3,c2_bas2,c2_sup1,c2_sub1",vehicles,1,three,"c1_sub1,c1_sup1,c1_sub2,c1_sup2,c1_bas2,c1_sup4,c1_bas1,c1_sup3",Yes,"I like these, but it sucks never having feedback on them; like, was the turtle right to select? :P",c1_bas4-c1_bas3-c1_sub3,c1_sub4-c1_sub5-c1_sub3,c2_sup6-c2_sub3-c2_sup5,c3_sub5-c3_sub3-c3_sub4,c3_sub3,c2_sub3,c1_sub3,three_basic,vegetables,c2_sub3-c2_sub5-c2_sub4,c3_bas4-c3_bas3-c3_sub3,"c2_sub1,c2_bas1,c2_bas2,c2_sub2",animals,sib,fep,three,rif,zom,rab,mep,mep,sib,zom,vehicles,animals,c1_sub3-c1_sup6-c1_sup5,c2_bas3-c2_sub3-c2_bas4,c3_sup6-c3_sup5-c3_sub3,animals,vehicles,vegetables,vegetables,vegetables,vehicles,animals,2,tev,English,tob,wug,Male,39,three,one,one,one,three_superordinate,three_subordinate,three_basic,three_subordinate,three_subordinate,three_basic,2017-01-11T20:15:38Z,3126F2F5F83FY7V7SRGFBXGEP9HPEE,,Approved,2017-01-11T20:22:24Z,2017-01-11T20:33:07Z,13
2017-01-11T20:57:30Z,39OWYR0EPKR40JLY4R16VQPDJNEFY5,three,three,three_basic,three_subordinate,one,one,one,three,three,three,three,"c3_sub2,c3_sub1","c1_sub1,c1_bas2,c1_bas1,c1_sub2","c3_sub1,c3_sub2","c1_sub1,c1_sub2","c2_sub1,c2_sub2","c1_sub1,c1_sub2","c2_bas1,c2_sub2,c2_sub1,c2_bas2","c3_bas1,c3_sub1,c3_sub2,c2_sup4,c3_bas2",c2_sub2,"c1_bas2,c1_bas1,c1_sub2,c1_sub1,c1_sup3",animals,2,three,"c2_sub1,c2_sub2,c2_bas1,c2_bas2",Yes,,c3_sup5-c3_sub3-c3_sup6,c2_sub3-c2_sup6-c2_sup5,c1_sub3-c1_sup6-c1_sup5,c2_sub4-c2_sub3-c2_sub5,c3_sub3,c1_sub3,c2_sub3,three_basic,vehicles,c1_bas4-c1_sub3-c1_bas3,c3_sub4-c3_sub5-c3_sub3,"c3_bas1,c3_sub2,c3_bas2,c3_sub1",vegetables,fep,wug,three,tob,tev,mep,zom,wug,rab,zom,vegetables,animals,c2_bas3-c2_sub3-c2_bas4,c3_bas4-c3_sub3-c3_bas3,c1_sub4-c1_sub5-c1_sub3,animals,vegetables,vehicles,animals,vehicles,vegetables,vehicles,2,rif,English,sib,rab,Male,28,three,one,one,one,three_superordinate,three_subordinate,three_superordinate,three_superordinate,three_basic,three_subordinate,2017-01-11T20:15:41Z,3126F2F5F83FY7V7SRGFBXGEP9HPEE,,Approved,2017-01-11T20:47:30Z,2017-01-11T20:58:07Z,14
2017-01-11T20:40:33Z,39RP059MEHTETLK4GMRZI5BLVF8BMT,three,three,three_subordinate,three_basic,one,one,one,three,three,three,three,"c3_bas1,c3_bas2,c3_sub2,c3_sub1","c1_sup1,c1_bas1,c1_bas2,c1_sub1,c1_sub2,c1_sup4,c1_sup3,c1_sup2","c2_sub1,c2_bas2,c2_bas1,c2_sub2","c2_sub1,c2_bas2,c2_bas1,c2_sub2","c3_bas1,c3_bas2,c3_sub1,c3_sub2","c1_sub2,c1_sub1,c1_bas2,c1_bas1","c3_sup1,c3_bas1,c3_sup3,c3_sup4,c3_sub1,c3_bas2,c3_sub2","c3_sub1,c3_sub2","c1_sub1,c1_sub2,c1_bas1,c1_bas2","c2_sub1,c2_sub2",vehicles,3,three,"c1_sub1,c1_sub2",Yes,,c3_sub3-c3_sub4-c3_sub5,c3_sub3-c3_sup6-c3_sup5,c2_sub3-c2_sub4-c2_sub5,c1_bas3-c1_bas4-c1_sub3,c2_sub3,c1_sub3,c3_sub3,three_superordinate,vegetables,c1_sub3-c1_sup5-c1_sup6,c3_bas4-c3_bas3-c3_sub3,"c2_bas2,c2_sub1,c2_sub2,c2_sup4,c2_sup2,c2_bas1,c2_sup1,c2_sup3",vehicles,fep,tob,three,wug,mep,sib,rif,sib,zom,wug,vegetables,animals,c1_sub3-c1_sub5-c1_sub4,c2_sup6-c2_sup5-c2_sub3,c2_bas3-c2_bas4-c2_sub3,vehicles,vegetables,animals,animals,animals,vehicles,vegetables,2,zom,English,rab,tev,Male,30,three,one,one,one,three_subordinate,three_basic,three_subordinate,three_superordinate,three_superordinate,three_basic,2017-01-11T20:15:42Z,3126F2F5F83FY7V7SRGFBXGEP9HPEE,,Submitted,2017-01-11T20:30:33Z,NA,15
2017-01-11T20:29:45Z,3B3WTRP3DB25YO1E8KUJCQ2X1AO92Q,three,three,three_subordinate,three_superordinate,one,one,one,three,three,three,three,"c3_sub2,c3_sub1","c3_bas1,c3_sup4,c3_sup3,c3_sub2,c3_bas2,c3_sup1,c3_sub1,c3_sup2","c2_bas1,c2_sub1,c2_sub2,c2_bas2","c1_sup3,c1_sup1,c1_bas2,c1_sup4,c1_sub2,c1_sub1,c1_bas1","c1_bas2,c1_sub2,c1_bas1,c1_sub1","c3_sub2,c3_sub1,c3_bas2,c3_bas1","c1_bas2,c1_sub2,c1_bas1,c1_sub1","c2_bas2,c2_sub1,c2_sub2,c2_bas1","c3_sub2,c3_bas1,c3_sub1,c3_bas2","c2_sup1,c2_sub2,c2_bas2,c2_sup3,c2_sup4,c2_sub1,c2_bas1,c2_sup2",vegetables,3,three,"c2_sub1,c2_sub2",Yes,That was fun!,c2_bas4-c2_sub3-c2_bas3,c1_bas4-c1_sub3-c1_bas3,c2_sub3-c2_sup5-c2_sup6,c3_sub3-c3_bas4-c3_bas3,c2_sub3,c3_sub3,c1_sub3,three_subordinate,vehicles,c3_sup6-c3_sup5-c3_sub3,c3_sub5-c3_sub3-c3_sub4,"c1_sub2,c1_sub1",vegetables,wug,fep,three,rif,zom,tev,mep,sib,fep,tob,animals,animals,c2_sub3-c2_sub4-c2_sub5,c1_sub3-c1_sub5-c1_sub4,c1_sub3-c1_sup6-c1_sup5,vehicles,animals,vegetables,vehicles,vegetables,vehicles,animals,2,sib,English,tob,rab,Female,34,three,one,one,one,three_superordinate,three_basic,three_basic,three_basic,three_superordinate,three_subordinate,2017-01-11T20:15:43Z,3126F2F5F83FY7V7SRGFBXGEP9HPEE,,Approved,2017-01-11T20:19:45Z,2017-01-11T20:30:07Z,16
2017-01-11T20:31:49Z,3BDCF01OGXUQ0BVUQ244Q3UXGJZYLS,three,three,three_subordinate,three_superordinate,one,one,one,three,three,three,three,"c1_sub1,c1_sub2,c1_bas1,c1_bas2","c2_bas2,c2_sub2,c2_bas1,c2_sub1","c1_sub2,c1_sub1,c1_bas2,c1_bas1","c3_sub1,c3_sup4,c3_bas1,c3_bas2,c3_sup2,c3_sup1,c3_sup3","c2_bas2,c2_sub1,c2_bas1,c2_sub2","c3_sub2,c3_bas2,c3_sub1","c3_sub1,c3_bas1,c3_sub2,c3_bas2","c2_sub1,c2_sub2,c2_sup2,c2_bas2,c2_sup1,c2_bas1","c2_sub2,c2_bas1,c2_sub1,c2_bas2","c1_sup3,c1_sub2,c1_sup4,c1_bas2,c1_sup1,c1_bas1,c1_sub1,c1_sup2",animals,3,three,"c1_sub1,c1_sub2",Yes,,c2_sub3-c2_sup5-c2_sup6,c3_sub3-c3_sub4-c3_sub5,c1_sub3-c1_sup5-c1_sup6,c2_sub3-c2_sub4-c2_sub5,c1_sub3,c3_sub3,c2_sub3,three_basic,vegetables,c2_bas3-c2_sub3-c2_bas4,c1_sub3-c1_bas3-c1_bas4,"c3_bas2,c3_sub2,c3_sub1,c3_bas1",animals,rab,rif,three,mep,sib,wug,tev,tob,sib,tev,vehicles,vegetables,c1_sub5-c1_sub3-c1_sub4,c3_bas3-c3_bas4-c3_sub3,c3_sup5-c3_sub3-c3_sup6,vegetables,animals,vehicles,vehicles,animals,vegetables,vehicles,1,tob,english,zom,fep,Male,44,three,one,one,one,three_superordinate,three_subordinate,three_superordinate,three_subordinate,three_basic,three_basic,2017-01-11T20:15:44Z,3126F2F5F83FY7V7SRGFBXGEP9HPEE,,Approved,2017-01-11T20:21:49Z,2017-01-11T20:32:07Z,17
2017-01-11T20:45:36Z,3C44YUNSI1PDTLF1MYAXUZTG35VDPY,three,three,three_subordinate,three_basic,one,one,one,three,three,three,three,"c3_bas2,c3_sub2,c3_sub1,c3_bas1","c3_sub2,c3_sub1","c3_sub1,c3_bas2,c3_bas1,c3_sub2","c1_sub2,c1_sub1,c1_bas1,c1_bas2","c1_sub2,c1_bas1,c1_sub1,c1_bas2,c1_sup4,c1_sup1,c1_sup3,c1_sup2","c2_sup1,c2_sup2,c2_sub1,c2_sup4,c2_sub2,c2_bas2,c2_sup3,c2_bas1","c1_bas1,c1_sub1,c1_bas2,c1_sub2","c1_sup1,c1_sub1,c1_bas2,c1_sup2,c1_sup4,c1_sub2,c1_bas1","c3_bas1,c3_sup1,c3_sup3,c3_sub2,c3_sub1,c3_sup2,c3_sup4,c3_bas2","c2_bas2,c2_sup2,c2_sup1,c2_sub1,c2_sup3,c2_bas1,c2_sub2,c2_sup4",vehicles,4,three,"c2_sub2,c2_sub1","NA",N/A,c1_sub3-c1_sup6-c1_sup5,c1_sub4-c1_sub5-c1_sub3,c2_sup6-c2_sub3-c2_sup5,c3_sup6-c3_sup5-c3_sub3,c3_sub3,c2_sub3,c1_sub3,three_basic,vehicles,c3_sub5-c3_sub4-c3_sub3,c3_sub3-c3_bas3-c3_bas4,"c2_sub2,c2_sub1,c2_bas2,c2_bas1",vegetables,zom,tob,three,fep,tev,sib,mep,zom,rab,tev,animals,animals,c2_sub3-c2_sub5-c2_sub4,c2_bas4-c2_bas3-c2_sub3,c1_bas4-c1_bas3-c1_sub3,animals,vehicles,vegetables,vegetables,vegetables,vehicles,animals,2,rab,English,wug,rif,,,three,one,one,one,three_superordinate,three_superordinate,three_superordinate,three_subordinate,three_subordinate,three_basic,2017-01-11T20:15:35Z,3126F2F5F83FY7V7SRGFBXGEP9HPEE,,Submitted,2017-01-11T20:35:36Z,NA,18
2017-01-11T20:31:56Z,3DHE4R9OCWBKDYOMMQ0T47OK5NJG2O,three,three,three_subordinate,three_superordinate,one,one,one,three,three,three,three,"c3_bas1,c3_sub1,c3_sub2,c3_bas2","c1_sup3,c1_bas1,c1_sup1,c1_sup4,c1_sub1,c1_sub2,c1_bas2,c1_sup2","c3_bas1,c3_bas2,c3_sub1,c3_sub2","c3_bas1,c3_sub2,c3_sup3,c3_sup4,c3_sup1,c3_bas2,c3_sub1,c3_sup2","c2_bas2,c2_sub2,c2_sub1,c2_bas1","c1_bas2,c1_sub2,c1_bas1,c1_sub1","c1_sub2,c1_sub1","c3_sub1,c3_sub2","c2_sub2,c2_sup1,c2_sub1,c2_sup3,c2_bas1,c2_sup2,c2_bas2,c2_sup4","c1_sub2,c1_bas1,c1_bas2,c1_sub1",vehicles,3,three,"c2_sub1,c2_sub2","NA",None,c3_sub3-c3_sub4-c3_sub5,c1_sub3-c1_sub4-c1_sub5,c1_sub3-c1_bas3-c1_bas4,c2_sub3-c2_sup5-c2_sup6,c3_sub3,c1_sub3,c2_sub3,three_basic,vehicles,c1_sup5-c1_sup6-c1_sub3,c3_bas3-c3_sub3-c3_bas4,"c2_sub2,c2_bas2,c2_sub1,c2_bas1",animals,fep,tob,three,zom,rif,mep,rab,zom,rif,sib,vegetables,animals,c2_sub5-c2_sub4-c2_sub3,c2_bas4-c2_sub3-c2_bas3,c3_sup6-c3_sub3-c3_sup5,animals,vegetables,vehicles,animals,vegetables,vegetables,vehicles,1,sib,English,tev,wug,,,three,one,one,one,three_basic,three_superordinate,three_subordinate,three_subordinate,three_superordinate,three_basic,2017-01-11T20:15:41Z,3126F2F5F83FY7V7SRGFBXGEP9HPEE,,Approved,2017-01-11T20:21:56Z,2017-01-11T20:32:07Z,19
2017-01-11T20:29:58Z,3DR23U6WE5EGDJM8ZAU15RCYSKGTEB,three,three,three_subordinate,three_superordinate,one,one,one,three,three,three,three,"c1_sub2,c1_sub1","c2_sub1,c2_sub2","c2_sub1,c2_sub2","c2_sub2,c2_sub1,c2_sup1","c3_bas2,c3_bas1,c3_sub1","c1_sub1,c1_bas1,c1_bas2,c1_sub2","c1_bas1,c1_bas2,c1_sub1","c3_sub1,c3_bas1,c3_sub2,c3_bas2","c2_bas2,c2_sub2,c2_sub1,c2_bas1","c3_sup3,c3_sub2,c3_sub1,c3_bas1,c3_bas2,c3_sup1,c3_sup2,c3_sup4",vegetables,2,three,"c3_sub2,c3_sub1",Yes,,c3_bas3-c3_bas4-c3_sub3,c1_bas3-c1_bas4-c1_sub3,c3_sub3-c3_sup5-c3_sup6,c2_sub3-c2_bas3-c2_bas4,c2_sub3,c1_sub3,c3_sub3,three_superordinate,animals,c2_sub4-c2_sub3-c2_sub5,c1_sub3-c1_sub4-c1_sub5,"c1_sup3,c1_sub2,c1_bas1,c1_sub1,c1_sup1,c1_sup4,c1_sup2,c1_bas2",vehicles,tev,sib,three,tob,fep,zom,mep,tev,sib,rab,vehicles,vegetables,c3_sub5-c3_sub3-c3_sub4,c1_sup6-c1_sup5-c1_sub3,c2_sub3-c2_sup6-c2_sup5,vehicles,vegetables,animals,animals,vegetables,animals,vehicles,2,rab,english,rif,wug,Male,34,three,one,one,one,three_superordinate,three_basic,three_basic,three_basic,three_subordinate,three_subordinate,2017-01-11T20:15:41Z,3126F2F5F83FY7V7SRGFBXGEP9HPEE,,Approved,2017-01-11T20:19:58Z,2017-01-11T20:30:07Z,20
2017-01-11T22:03:46Z,3DY4FPOOA1OKZFV2QBEG5GZ24UWRVC,three,three,three_subordinate,three_subordinate,one,one,one,three,three,three,three,"c3_sub2,c3_sub1","c2_sub2,c2_sub1,c2_bas2,c2_bas1","c1_sub1,c1_sub2","c2_sub1,c2_sub2","c2_sub1,c2_sub2","c3_sub1,c3_sub2","c1_sub2,c1_sub1","c2_sub2,c2_sub1","c1_bas2,c1_sub2,c1_sub1,c1_bas1","c3_sub1,c3_sub2",vegetables,2,three,"c3_sub1,c3_sub2",Yes,,c2_sup6-c2_sup5-c2_sub3,c1_sub3-c1_sup6-c1_sup5,c3_sup5-c3_sub3-c3_sup6,c1_bas3-c1_bas4-c1_sub3,c1_sub3,c3_sub3,c2_sub3,three_subordinate,animals,c2_sub3-c2_bas4-c2_bas3,c3_bas4-c3_bas3-c3_sub3,"c1_sub1,c1_sub2",vehicles,tob,rif,three,tev,wug,zom,sib,fep,mep,rab,vehicles,animals,c3_sub3-c3_sub5-c3_sub4,c1_sub4-c1_sub3-c1_sub5,c2_sub3-c2_sub5-c2_sub4,vegetables,animals,vehicles,vehicles,vegetables,animals,vegetables,2,mep,English ,fep,rab,Male,26,three,one,one,one,three_superordinate,three_basic,three_superordinate,three_superordinate,three_basic,three_basic,2017-01-11T21:13:06Z,3126F2F5F83FY7V7SRGFBXGEP9HPEE,,Approved,2017-01-11T21:53:46Z,2017-01-11T22:04:07Z,21
2017-01-11T20:35:22Z,3EQHHY4HQSSCCV79492R2ERWPXAG5P,three,three,three_subordinate,three_superordinate,one,one,one,three,three,three,three,"c1_sub1,c1_bas1,c1_bas2,c1_sub2","c1_sub1,c1_sub2","c2_sub1,c2_sub2","c1_sup3,c1_sup4,c1_sub2,c1_bas2,c1_bas1,c1_sup2,c1_sub1,c1_sup1","c1_sub2,c1_sub1,c1_bas1,c1_bas2","c3_sub2,c3_bas1,c3_bas2,c3_sub1","c3_sub1,c3_sub2","c2_sub2,c2_bas2,c2_sub1,c2_bas1","c2_sub2,c2_bas1,c2_sup3,c2_sup2,c2_bas2,c2_sup4,c2_sup1,c2_sub1","c3_sub2,c3_bas1,c3_sub1,c3_bas2",animals,2,three,"c2_sub1,c2_sub2",Yes,,c2_bas4-c2_bas3-c2_sub3,c3_sub4-c3_sub5-c3_sub3,c3_sub3-c3_bas4-c3_bas3,c2_sup6-c2_sub3-c2_sup5,c2_sub3,c3_sub3,c1_sub3,three_superordinate,vehicles,c1_sub3-c1_sub5-c1_sub4,c1_bas4-c1_sub3-c1_bas3,"c3_sup4,c3_bas2,c3_sub1,c3_sup2,c3_sup1,c3_sup3,c3_bas1,c3_sub2",vegetables,mep,wug,three,rab,sib,tev,zom,rif,sib,mep,vegetables,vegetables,c2_sub5-c2_sub3-c2_sub4,c3_sub3-c3_sup5-c3_sup6,c1_sup6-c1_sup5-c1_sub3,vehicles,animals,vegetables,vehicles,animals,animals,vehicles,2,rif,english,tob,fep,Female,34,three,one,one,one,three_basic,three_superordinate,three_basic,three_subordinate,three_subordinate,three_basic,2017-01-11T20:15:44Z,3126F2F5F83FY7V7SRGFBXGEP9HPEE,,Approved,2017-01-11T20:25:22Z,2017-01-11T20:36:07Z,22
2017-01-11T20:46:44Z,3I02618YA06ZANQN8T0M4ZX4P5RPUL,three,three,three_superordinate,three_superordinate,one,one,one,three,three,three,three,"c3_sub2,c3_bas2,c3_bas1,c3_sub1","c2_sub1,c2_sub2,c2_bas2,c2_bas1","c2_sub2,c2_sub1,c2_bas2","c2_bas1,c2_bas2,c2_sub1","c3_bas2,c3_sub2,c3_sub1,c3_bas1","c1_sub2,c1_bas1,c1_sub1","c1_bas2,c1_sub2,c1_bas1,c1_sub1,c1_sup4,c1_sup3,c1_sup1,c1_sup2","c2_sub2,c2_bas2,c2_bas1","c1_sub2,c1_sub1,c1_bas1,c1_bas2","c3_sub2,c3_bas2,c3_sub1,c3_bas1",vegetables,2,three,"c3_sub1,c3_sub2",Confused,"I thought it had to do with they type, not the picture.",c2_sub4-c2_sub3-c2_sub5,c1_sup5-c1_sup6-c1_sub3,c3_sub5-c3_sub4-c3_sub3,c1_bas3-c1_sub3-c1_bas4,c2_sub3,c1_sub3,c3_sub3,three_subordinate,animals,c2_bas3-c2_bas4-c2_sub3,c3_bas4-c3_sub3-c3_bas3,"c1_bas1,c1_sub2,c1_sub1,c1_bas2",vehicles,rif,fep,three,tev,mep,rab,tob,tev,zom,rab,vehicles,animals,c3_sup5-c3_sub3-c3_sup6,c1_sub3-c1_sub4-c1_sub5,c2_sup5-c2_sub3-c2_sup6,vehicles,vegetables,animals,vehicles,vegetables,animals,vegetables,1,sib,English,zom,wug,Male,22,three,one,one,one,three_subordinate,three_basic,three_subordinate,three_superordinate,three_basic,three_basic,2017-01-11T20:22:32Z,3126F2F5F83FY7V7SRGFBXGEP9HPEE,,Submitted,2017-01-11T20:36:44Z,NA,23
2017-01-11T20:33:55Z,3IJXV6UZ1XJFD9B2R4FXQR98WSRIRX,three,three,three_basic,three_superordinate,one,one,one,three,three,three,three,"c1_sub2,c1_bas1,c1_sub1,c1_bas2","c2_bas2,c2_sub2,c2_bas1,c2_sup2,c2_sub1,c2_sup3,c2_sup1","c3_sub2,c3_bas2,c3_sub1,c3_bas1","c3_sup3,c3_bas1,c3_sup1,c3_sup4,c3_bas2,c3_sub1,c3_sub2,c3_sup2","c2_sub2,c2_sub1,c2_bas2,c2_bas1","c1_bas2,c1_bas1,c1_sub1,c1_sub2","c2_sub2,c2_sub1,c2_bas1,c2_bas2","c3_sub2,c3_sub1","c1_sub1,c1_bas1,c1_bas2,c1_sub2","c2_sub2,c2_sub1",vegetables,3,three,"c3_sub2,c3_bas2,c3_sub1,c3_bas1",Yes,It was fun.,c3_sub5-c3_sub3-c3_sub4,c2_bas4-c2_bas3-c2_sub3,c2_sub4-c2_sub5-c2_sub3,c1_sub5-c1_sub4-c1_sub3,c3_sub3,c1_sub3,c2_sub3,three_superordinate,animals,c2_sup6-c2_sub3-c2_sup5,c1_sub3-c1_bas4-c1_bas3,"c1_sup2,c1_sup3,c1_bas2,c1_bas1,c1_sup1,c1_sub2,c1_sup4,c1_sub1",animals,wug,tob,three,mep,zom,tev,fep,mep,fep,tev,vehicles,vegetables,c3_bas3-c3_sub3-c3_bas4,c1_sup5-c1_sub3-c1_sup6,c3_sup5-c3_sub3-c3_sup6,animals,vegetables,vehicles,animals,vehicles,vehicles,vegetables,2,rif,English,sib,rab,Female,55,three,one,one,one,three_subordinate,three_subordinate,three_subordinate,three_basic,three_superordinate,three_basic,2017-01-11T20:15:44Z,3126F2F5F83FY7V7SRGFBXGEP9HPEE,,Approved,2017-01-11T20:23:55Z,2017-01-11T20:34:07Z,24
2017-01-11T20:38:44Z,3IXEICO792JC04TTTSB3T3KLBMT6T4,three,three,three_superordinate,three_superordinate,one,one,one,three,three,three,three,"c2_bas2,c2_bas1,c2_sub1,c2_sub2","c1_sup4,c1_bas2,c1_sup1,c1_bas1,c1_sub2,c1_sub1,c1_sup2,c1_sup3","c1_sub1,c1_sub2,c1_bas2,c1_bas1","c3_bas2,c3_sub1,c3_sup3,c3_sup2,c3_bas1,c3_sub2,c3_sup4,c3_sup1","c3_sub2,c3_sub1,c3_bas1,c3_bas2","c2_bas1,c2_sub1,c2_sub2","c3_sub1,c3_sub2","c1_bas1,c1_sub2,c1_bas2,c1_sub1","c2_sub1,c2_sub2","c3_bas1,c3_bas2,c3_sub1,c3_sub2",vegetables,4,three,"c2_bas1,c2_sub2,c2_sup3,c2_sup1,c2_sub1,c2_sup4,c2_bas2","NA",,c1_bas3-c1_sub3-c1_bas4,c3_sub3-c3_sub5-c3_sub4,c3_bas4-c3_bas3-c3_sub3,c2_sub4-c2_sub3-c2_sub5,c1_sub3,c2_sub3,c3_sub3,three_subordinate,vehicles,c1_sup6-c1_sub3-c1_sup5,c2_bas3-c2_sub3-c2_bas4,"c1_sub2,c1_sub1",animals,tob,wug,three,tev,mep,rab,rif,sib,rif,mep,vegetables,vehicles,c2_sub3-c2_sup5-c2_sup6,c1_sub3-c1_sub5-c1_sub4,c3_sup6-c3_sub3-c3_sup5,vegetables,vehicles,animals,vegetables,animals,animals,vehicles,2,zom,English,sib,fep,,,three,one,one,one,three_basic,three_subordinate,three_basic,three_subordinate,three_superordinate,three_basic,2017-01-11T20:15:39Z,3126F2F5F83FY7V7SRGFBXGEP9HPEE,,Submitted,2017-01-11T20:28:44Z,NA,25
2017-01-11T20:32:05Z,3KKG4CDWKIYF12G1CYD755ZVLOK49H,three,three,three_subordinate,three_basic,one,one,one,three,three,three,three,"c1_sub1,c1_sub2,c1_bas2","c3_sub2,c3_sub1","c3_sub2,c3_sub1","c2_sub1,c2_sub2","c1_sub1,c1_sub2","c2_sub2,c2_sub1","c2_sub2,c2_sub1","c1_sub1,c1_sub2","c3_sub2,c3_sub1","c3_sub2,c3_sub1",vegetables,0,three,"c2_sub2,c2_sub1",Yes,none,c1_sup6-c1_sup5-c1_sub3,c2_sub3-c2_sup5-c2_sup6,c3_bas4-c3_bas3-c3_sub3,c3_sub3-c3_sub4-c3_sub5,c3_sub3,c2_sub3,c1_sub3,three_subordinate,vehicles,c3_sub3-c3_sup6-c3_sup5,c1_bas3-c1_bas4-c1_sub3,"c1_sub1,c1_sub2",vehicles,tob,fep,three,mep,zom,tev,rab,rab,sib,rif,animals,vegetables,c2_sub5-c2_sub4-c2_sub3,c1_sub5-c1_sub3-c1_sub4,c2_sub3-c2_bas3-c2_bas4,animals,vehicles,vegetables,vegetables,vehicles,animals,animals,1,sib,English,rif,wug,Female,41,three,one,one,one,three_basic,three_subordinate,three_superordinate,three_superordinate,three_superordinate,three_basic,2017-01-11T20:15:39Z,3126F2F5F83FY7V7SRGFBXGEP9HPEE,,Approved,2017-01-11T20:22:05Z,2017-01-11T20:32:07Z,26
2017-01-11T20:30:17Z,3KYQYYSHYV7V8L307YXI5ZOQT0ZDOH,three,three,three_basic,three_subordinate,one,one,one,three,three,three,three,"c3_sub1,c3_sub2","c1_sub2,c1_bas1,c1_bas2,c1_sub1","c3_sub2,c3_sub1,c3_bas2,c3_bas1","c2_sub2,c2_sub1","c2_sub2,c2_bas2,c2_bas1,c2_sub1","c1_sub2,c1_sub1,c1_bas2,c1_bas1","c2_sub1,c2_sub2,c2_bas2,c2_bas1,c2_sup3,c2_sup1,c2_sup4","c1_sup1,c1_sub1,c1_sup3,c1_sub2,c1_sup4,c1_bas1,c1_bas2,c1_sup2","c1_bas1,c1_sub1,c1_sub2,c1_bas2","c3_bas1,c3_sup4,c3_sup1,c3_sub2,c3_sup2,c3_sub1,c3_sup3,c3_bas2",vehicles,2,three,"c3_sub1,c3_bas1,c3_bas2",Yes,,c1_sup5-c1_sup6-c1_sub3,c2_sup5-c2_sup6-c2_sub3,c3_sup6-c3_sub3-c3_sup5,c1_sub5-c1_sub4-c1_sub3,c3_sub3,c1_sub3,c2_sub3,three_basic,animals,c1_bas3-c1_sub3-c1_bas4,c3_sub5-c3_sub3-c3_sub4,"c2_sub1,c2_bas2,c2_bas1,c2_sub2",vehicles,zom,wug,three,sib,tev,fep,rab,wug,rab,rif,vegetables,animals,c3_bas4-c3_sub3-c3_bas3,c2_sub3-c2_bas4-c2_bas3,c2_sub4-c2_sub5-c2_sub3,animals,vegetables,vehicles,vegetables,vehicles,animals,vegetables,2,tob,english,mep,rif,Female,22,three,one,one,one,three_superordinate,three_subordinate,three_superordinate,three_superordinate,three_basic,three_subordinate,2017-01-11T20:15:35Z,3126F2F5F83FY7V7SRGFBXGEP9HPEE,,Approved,2017-01-11T20:20:17Z,2017-01-11T20:31:07Z,27
2017-01-11T20:50:33Z,3LEP4MGT3G0BPRER3TSWZFORM1GBDB,three,three,three_basic,three_subordinate,one,one,one,three,three,three,three,"c1_bas1,c1_bas2,c1_sub1,c1_sub2","c1_bas2,c1_sub1,c1_sub2,c1_bas1","c2_sub2,c2_sub1,c2_bas1,c2_bas2","c2_sub1,c2_sub2","c3_sub1,c3_sub2","c1_sub2,c1_bas1,c1_bas2,c1_sub1","c2_sup4,c2_bas1,c2_sub2,c2_bas2,c2_sup1,c2_sup3,c2_sup2","c3_sup4,c3_bas2,c3_bas1,c3_sub1,c3_sup1,c3_sup3,c3_sup2,c3_sub2","c3_sub2,c3_bas1,c3_sub1,c3_bas2","c3_sub1,c3_sub2",vegetables,2,three,"c2_sub1,c2_bas1,c2_sub2,c2_bas2","NA",I enjoyed it!  Thanks for the HIT!  I did my best and hope the data is useful!,c3_sup6-c3_sup5-c3_sub3,c2_sup6-c2_sub3-c2_sup5,c3_sub4-c3_sub5-c3_sub3,c3_bas3-c3_sub3-c3_bas4,c2_sub3,c1_sub3,c3_sub3,three_superordinate,vehicles,c1_bas4-c1_sub3-c1_bas3,c1_sub5-c1_sub3-c1_sub4,"c1_sup3,c1_bas1,c1_sup4,c1_bas2,c1_sub1,c1_sub2,c1_sup1,c1_sup2",vehicles,zom,mep,three,tev,wug,tob,fep,sib,mep,tob,vegetables,vegetables,c2_bas4-c2_sub3-c2_bas3,c1_sub3-c1_sup5-c1_sup6,c2_sub5-c2_sub3-c2_sub4,vehicles,vegetables,animals,animals,vehicles,animals,animals,2,rif,English,rab,sib,,,three,one,one,one,three_subordinate,three_basic,three_superordinate,three_superordinate,three_basic,three_subordinate,2017-01-11T20:15:34Z,3126F2F5F83FY7V7SRGFBXGEP9HPEE,,Submitted,2017-01-11T20:40:33Z,NA,28
2017-01-11T20:30:26Z,3LQ8PUHQFLS2OFXZVZ33CN729JTIH0,three,three,three_superordinate,three_basic,one,one,one,three,three,three,three,"c1_sub2,c1_sub1,c1_sup4,c1_bas1,c1_bas2,c1_sup1,c1_sup2,c1_sup3","c3_sub1,c3_sub2","c2_sub2,c2_sub1","c2_sub1,c2_sub2,c2_bas2,c2_bas1","c3_sub1,c3_bas1,c3_sub2,c3_bas2","c1_bas1,c1_bas2,c1_sub1,c1_sub2","c3_sub2,c3_bas1,c3_bas2,c3_sub1","c1_sub1,c1_bas1,c1_bas2,c1_sub2","c2_sub2,c2_sub1","c1_sub1,c1_sub2",vehicles,3,three,"c3_sub2,c3_sup1,c3_bas2,c3_sup4,c3_sup2,c3_bas1,c3_sup3,c3_sub1",Yes,,c1_bas3-c1_bas4-c1_sub3,c3_bas4-c3_sub3-c3_bas3,c1_sub4-c1_sub3-c1_sub5,c2_sub4-c2_sub5-c2_sub3,c2_sub3,c1_sub3,c3_sub3,three_superordinate,animals,c3_sub5-c3_sub3-c3_sub4,c1_sup5-c1_sub3-c1_sup6,"c2_bas1,c2_sup3,c2_sub1,c2_sup2,c2_bas2,c2_sup1,c2_sup4,c2_sub2",vehicles,rab,rif,three,tob,zom,mep,tev,tev,mep,rab,animals,vegetables,c3_sup5-c3_sup6-c3_sub3,c2_sup6-c2_sup5-c2_sub3,c2_sub3-c2_bas3-c2_bas4,vehicles,vegetables,animals,vegetables,animals,vegetables,vehicles,2,wug,English,fep,sib,Male,32,three,one,one,one,three_subordinate,three_subordinate,three_basic,three_basic,three_subordinate,three_superordinate,2017-01-11T20:15:41Z,3126F2F5F83FY7V7SRGFBXGEP9HPEE,,Approved,2017-01-11T20:20:26Z,2017-01-11T20:31:07Z,29
2017-01-11T20:49:06Z,3LYA37P8IQNJ3XK1VAEJ3SJH6ADBKO,three,three,three_subordinate,three_subordinate,one,one,one,three,three,three,three,"c1_sup4,c1_sup1,c1_bas1,c1_bas2,c1_sub2,c1_sub1,c1_sup3","c1_sub1,c1_bas1,c1_bas2,c1_sub2","c3_sub1,c3_bas2,c3_bas1,c3_sub2","c2_sub2,c2_sub1","c2_bas1,c2_sub2,c2_sub1,c2_bas2","c1_sub2,c1_bas2,c1_bas1,c1_sub1","c3_sub1,c3_sub2","c2_bas2,c2_sub2,c2_bas1,c2_sub1","c2_sup1,c2_bas1,c2_sub2,c2_bas2,c2_sub1,c2_sup4,c2_sup2,c2_sup3","c3_sub1,c3_sub2,c3_bas1,c3_bas2",animals,3,three,"c1_sub1,c1_sub2","NA",Good Luck!,c2_bas3-c2_sub3-c2_bas4,c3_sub4-c3_sub3-c3_sub5,c3_bas3-c3_bas4-c3_sub3,c2_sup5-c2_sub3-c2_sup6,c3_sub3,c1_sub3,c2_sub3,three_superordinate,vegetables,c1_sub3-c1_bas3-c1_bas4,c1_sup6-c1_sup5-c1_sub3,"c3_sup4,c3_sup1,c3_sub1,c3_bas1,c3_sup2,c3_bas2,c3_sub2,c3_sup3",vehicles,sib,tob,three,zom,rab,tev,wug,rab,fep,mep,vegetables,vegetables,c1_sub3-c1_sub4-c1_sub5,c3_sup5-c3_sup6-c3_sub3,c2_sub4-c2_sub3-c2_sub5,animals,vegetables,vehicles,vehicles,animals,animals,vehicles,2,fep,English,rif,mep,,,three,one,one,one,three_basic,three_superordinate,three_basic,three_subordinate,three_basic,three_superordinate,2017-01-11T20:15:39Z,3126F2F5F83FY7V7SRGFBXGEP9HPEE,,Submitted,2017-01-11T20:39:06Z,NA,30
2017-01-11T20:40:14Z,3NAPMVF0ZWF1K5DLTNWZYUBR6K072C,three,three,three_basic,three_subordinate,one,one,one,three,three,three,three,"c1_bas2,c1_sub1,c1_bas1,c1_sub2","c3_sub2,c3_sup4,c3_sub1,c3_sup3,c3_bas1,c3_sup2,c3_sup1,c3_bas2","c3_bas2,c3_sub1,c3_sub2,c3_bas1","c3_sub2,c3_sub1,c3_bas2,c3_bas1","c1_sub2,c1_bas1,c1_sub1,c1_bas2","c2_bas1,c2_sub2,c2_bas2","c2_sub1,c2_sub2,c2_bas1","c1_sup2,c1_sub1,c1_sub2,c1_sup4,c1_sup3,c1_bas2,c1_bas1,c1_sup1","c2_bas2,c2_bas1,c2_sup1,c2_sup2,c2_sub2,c2_sup3,c2_sup4","c1_bas1,c1_bas2,c1_sub2,c1_sub1",animals,1,three,"c2_sub1,c2_bas1,c2_sub2,c2_bas2",Yes,none,c1_sup6-c1_sup5-c1_sub3,c2_sub3-c2_sub4-c2_sub5,c1_bas4-c1_bas3-c1_sub3,c2_sub3-c2_sup5-c2_sup6,c3_sub3,c2_sub3,c1_sub3,three_basic,vehicles,c3_sup6-c3_sub3-c3_sup5,c1_sub4-c1_sub3-c1_sub5,"c3_bas2,c3_bas1,c3_sub1,c3_sub2",animals,sib,rab,three,rif,mep,zom,tev,fep,mep,rab,animals,vegetables,c2_sub3-c2_bas4-c2_bas3,c3_bas3-c3_sub3-c3_bas4,c3_sub3-c3_sub5-c3_sub4,animals,vehicles,vegetables,vegetables,vehicles,vegetables,vehicles,2,wug,english,tob,fep,Female,43,three,one,one,one,three_basic,three_superordinate,three_superordinate,three_subordinate,three_superordinate,three_subordinate,2017-01-11T20:15:44Z,3126F2F5F83FY7V7SRGFBXGEP9HPEE,,Submitted,2017-01-11T20:30:14Z,NA,31
2017-01-11T21:51:42Z,3NGI5ARFTT5J1QZP65Q2TXS7E8S1PW,three,three,three_superordinate,three_subordinate,one,one,one,three,three,three,three,"c2_sub1,c2_sub2","c3_sub1,c3_sub2","c1_sub1,c1_sub2","c1_sub2,c1_sub1",c3_sub1,c2_sub1,"c2_sub1,c2_bas2,c2_bas1,c2_sub2","c2_sub2,c2_sub1","c3_sub1,c3_sub2","c1_bas1,c1_sub1,c1_sub2,c1_bas2",animals,3,three,"c1_sub2,c1_sub1",Yes,,c2_sup5-c2_sup6-c2_sub3,c2_bas3-c2_bas4-c2_sub3,c1_bas4-c1_sub3-c1_bas3,c3_sub3-c3_sup5-c3_sup6,c1_sub3,c2_sub3,c3_sub3,three_subordinate,vegetables,c3_bas4-c3_sub3-c3_bas3,c2_sub3-c2_sub4-c2_sub5,"c3_sub2,c3_sub1",vegetables,wug,tob,three,fep,zom,sib,tev,mep,tob,rif,animals,vehicles,c1_sup6-c1_sub3-c1_sup5,c3_sub5-c3_sub3-c3_sub4,c1_sub5-c1_sub3-c1_sub4,vegetables,vehicles,animals,vehicles,vehicles,vegetables,animals,2,rab,English,rif,mep,Male,39,three,one,one,one,three_basic,three_superordinate,three_superordinate,three_basic,three_basic,three_subordinate,2017-01-11T20:49:04Z,3126F2F5F83FY7V7SRGFBXGEP9HPEE,,Submitted,2017-01-11T21:41:42Z,NA,32
2017-01-11T21:39:43Z,3NXNZ5RS1AXCKPYKEWBE8HJ5CQK79E,three,three,three_superordinate,three_superordinate,one,one,one,three,three,three,three,"c1_sub1,c1_sub2","c2_sub2,c2_sup4,c2_bas1,c2_bas2,c2_sup3,c2_sup1,c2_sub1","c3_sub2,c3_bas2,c3_sub1,c3_bas1","c1_sub1,c1_sup1,c1_sup3,c1_bas2,c1_sup2,c1_sup4,c1_sub2,c1_bas1","c2_sub1,c2_sub2,c2_bas1,c2_bas2","c1_sub2,c1_sub1,c1_bas2,c1_bas1","c2_sub1,c2_sub2,c2_bas1,c2_bas2","c2_sub1,c2_sub2","c3_sub2,c3_sub1","c1_bas2,c1_sub1,c1_sub2,c1_bas1",animals,2,three,"c3_bas1,c3_bas2,c3_sup4,c3_sub2,c3_sup1,c3_sup2,c3_sup3,c3_sub1",Yes,"A bit long for the pay, if I'm honest",c2_sub3-c2_sub5-c2_sub4,c2_bas3-c2_sub3-c2_bas4,c1_bas3-c1_sub3-c1_bas4,c3_sub3-c3_sub5-c3_sub4,c3_sub3,c1_sub3,c2_sub3,three_basic,animals,c2_sup5-c2_sub3-c2_sup6,c1_sub5-c1_sub4-c1_sub3,"c3_bas2,c3_sub2,c3_sub1,c3_bas1",vegetables,mep,rab,three,tob,rif,fep,wug,wug,rab,tob,vehicles,vegetables,c3_sup6-c3_sup5-c3_sub3,c3_bas3-c3_bas4-c3_sub3,c1_sup5-c1_sub3-c1_sup6,animals,vegetables,vehicles,vehicles,vehicles,vegetables,animals,1,zom,English,sib,tev,Male,22,three,one,one,one,three_basic,three_subordinate,three_subordinate,three_basic,three_superordinate,three_subordinate,2017-01-11T21:16:48Z,3126F2F5F83FY7V7SRGFBXGEP9HPEE,,Submitted,2017-01-11T21:29:43Z,NA,33
2017-01-11T22:12:40Z,3OS4RQUCR9F8NBSNUZNMNFRCYEWBFM,three,three,three_basic,three_subordinate,one,one,one,three,three,three,three,"c2_sub2,c2_bas2,c2_sub1,c2_bas1","c1_sub2,c1_sub1,c1_bas1,c1_bas2","c2_bas2,c2_sub2,c2_bas1","c3_sub1,c3_sub2","c1_sub1,c1_sub2,c1_bas1,c1_bas2","c3_bas2,c3_sub2,c3_sub1,c3_bas1","c1_sup1,c1_sub1,c1_sup4,c1_sub2,c1_sup3,c1_bas1,c1_bas2,c1_sup2","c3_sup1,c3_bas1,c3_bas2,c3_sub2,c3_sup4,c3_sup3,c3_sup2,c3_sub1","c2_bas1,c2_bas2,c2_sup4,c2_sub2,c2_sub1,c2_sup1,c2_sup3","c2_sub1,c2_sub2",vegetables,1,three,"c3_sub2,c3_bas2,c3_sub1",Yes,,c3_sup6-c3_sup5-c3_sub3,c1_sub3-c1_sup6-c1_sup5,c2_sub4-c2_sub3-c2_sub5,c2_sup5-c2_sup6-c2_sub3,c2_sub3,c3_sub3,c1_sub3,three_basic,animals,c1_sub5-c1_sub3-c1_sub4,c2_sub3-c2_bas3-c2_bas4,"c1_bas1,c1_sub2,c1_sub1,c1_bas2",animals,rab,tob,three,zom,rif,mep,wug,mep,fep,rab,vegetables,vehicles,c3_bas3-c3_sub3-c3_bas4,c1_sub3-c1_bas3-c1_bas4,c3_sub3-c3_sub4-c3_sub5,vehicles,animals,vegetables,animals,vegetables,vehicles,vehicles,1,tev,English,sib,fep,Male,42,three,one,one,one,three_subordinate,three_superordinate,three_superordinate,three_superordinate,three_subordinate,three_basic,2017-01-11T21:15:46Z,3126F2F5F83FY7V7SRGFBXGEP9HPEE,,Submitted,2017-01-11T22:02:40Z,NA,34
2017-01-11T20:53:06Z,3PJUZCGDJ6GGK333O13KMHF0NAG98T,three,three,three_superordinate,three_basic,one,one,one,three,three,three,three,"c3_bas1,c3_sub2,c3_sub1,c3_bas2","c2_bas2,c2_bas1,c2_sub2","c2_sub2,c2_sub1","c1_sub1,c1_bas1,c1_sub2,c1_bas2","c1_sub2,c1_sub1,c1_bas1,c1_bas2","c3_sub2,c3_sub1","c1_sub1,c1_sub2","c3_sub1,c3_sub2","c2_sup1,c2_bas2,c2_bas1,c2_sub1,c2_sup3,c2_sub2,c2_sup2,c2_sup4","c1_bas2,c1_bas1,c1_sup3,c1_sub1,c1_sup4,c1_sup1,c1_sup2,c1_sub2",vehicles,3,three,"c3_sub2,c3_sup3,c3_bas2,c3_sup2,c3_bas1,c3_sup4,c3_sup1,c3_sub1",Yes,,c3_sub4-c3_sub5-c3_sub3,c1_sub4-c1_sub3-c1_sub5,c1_sub3-c1_sup5-c1_sup6,c2_sup5-c2_sub3-c2_sup6,c2_sub3,c3_sub3,c1_sub3,three_subordinate,animals,c2_bas3-c2_sub3-c2_bas4,c3_sub3-c3_bas3-c3_bas4,"c2_sub2,c2_sub1",vegetables,tob,mep,three,zom,sib,rab,tev,rif,zom,sib,vehicles,animals,c3_sup6-c3_sup5-c3_sub3,c2_sub3-c2_sub5-c2_sub4,c1_sub3-c1_bas4-c1_bas3,vehicles,animals,vegetables,animals,vegetables,vegetables,vehicles,1,wug,English,rif,fep,Female,28,three,one,one,one,three_superordinate,three_superordinate,three_subordinate,three_subordinate,three_basic,three_basic,2017-01-11T20:15:42Z,3126F2F5F83FY7V7SRGFBXGEP9HPEE,,Submitted,2017-01-11T20:43:06Z,NA,35
2017-01-11T20:33:01Z,3PMBY0YE273IW6TG5DJPO3BJD119CZ,three,three,three_basic,three_subordinate,one,one,one,three,three,three,three,"c3_sub2,c3_sub1","c2_bas2,c2_sub2,c2_sub1,c2_bas1","c2_bas1,c2_bas2,c2_sub2,c2_sub1","c1_sub2,c1_sub1","c1_sub2,c1_bas1,c1_bas2,c1_sub1","c3_sub1,c3_bas2,c3_bas1,c3_sub2","c3_bas1,c3_sub1,c3_sub2,c3_bas2","c3_sup3,c3_sub2,c3_bas2,c3_sub1,c3_sup1,c3_sup4,c3_bas1,c3_sup2","c1_sub2,c1_sup3,c1_sup4,c1_bas2,c1_sup2,c1_bas1,c1_sub1,c1_sup1","c2_sub1,c2_sub2",vehicles,3,three,"c1_sub1,c1_bas1,c1_bas2,c1_sub2",Yes,I liked this hit - it was different and made me think about words generally vs specifically (i.e. a 'dog' vs a 'dalmatian'.  Thanks and good luck,c3_sup5-c3_sup6-c3_sub3,c3_bas3-c3_bas4-c3_sub3,c2_sub4-c2_sub3-c2_sub5,c1_sup5-c1_sub3-c1_sup6,c2_sub3,c3_sub3,c1_sub3,three_superordinate,vegetables,c2_bas4-c2_sub3-c2_bas3,c3_sub3-c3_sub4-c3_sub5,"c2_bas1,c2_sub1,c2_sup2,c2_sup1,c2_sup3,c2_sup4,c2_bas2,c2_sub2",vegetables,zom,sib,three,rif,wug,fep,tob,fep,sib,mep,vehicles,animals,c1_bas3-c1_bas4-c1_sub3,c2_sup5-c2_sub3-c2_sup6,c1_sub3-c1_sub4-c1_sub5,vehicles,animals,vegetables,animals,animals,vehicles,vegetables,2,rab,English,tev,mep,Female,45,three,one,one,one,three_subordinate,three_superordinate,three_superordinate,three_basic,three_basic,three_subordinate,2017-01-11T20:15:42Z,3126F2F5F83FY7V7SRGFBXGEP9HPEE,,Approved,2017-01-11T20:23:01Z,2017-01-11T20:33:07Z,36
2017-01-11T20:56:01Z,3R6P78PK7KBEXXIZ55KP5UXA50VTGS,three,three,three_basic,three_subordinate,one,one,one,three,three,three,three,c2_sub1,"c1_bas1,c1_sub2,c1_sub1,c1_bas2","c3_bas2,c3_sub2,c3_sub1,c3_bas1","c3_sub2,c3_sub1","c2_sub2,c2_sub1,c2_bas1,c2_bas2","c1_sub1,c1_bas2,c1_bas1,c1_sub2","c3_bas2,c3_sup3,c3_sub1,c3_sup1,c3_sub2,c3_sup2,c3_bas1,c3_sup4","c2_sub1,c2_sub2,c2_sup4,c2_sup1,c2_bas1,c2_sup3,c2_bas2","c1_sub2,c1_sub1,c1_bas2,c1_bas1","c3_bas2,c3_sub1,c3_sub2,c3_bas1",vegetables,2,three,"c2_sub2,c2_bas2,c2_bas1,c2_sub1",Yes,,c2_sub3-c2_sup6-c2_sup5,c3_sub3-c3_sup6-c3_sup5,c3_bas3-c3_bas4-c3_sub3,c1_sub3-c1_sub4-c1_sub5,c3_sub3,c1_sub3,c2_sub3,three_superordinate,vehicles,c1_bas4-c1_sub3-c1_bas3,c2_sub5-c2_sub3-c2_sub4,"c1_sup1,c1_sub1,c1_sup3,c1_bas1,c1_bas2,c1_sup4,c1_sub2,c1_sup2",animals,rif,zom,three,fep,sib,mep,tev,rab,tev,zom,vegetables,vehicles,c2_sub3-c2_bas3-c2_bas4,c1_sup6-c1_sub3-c1_sup5,c3_sub3-c3_sub4-c3_sub5,animals,vegetables,vehicles,vehicles,animals,animals,vegetables,2,wug,english,tob,rab,Female,24,three,one,one,one,three_basic,three_subordinate,three_superordinate,three_superordinate,three_basic,three_subordinate,2017-01-11T20:15:41Z,3126F2F5F83FY7V7SRGFBXGEP9HPEE,,Approved,2017-01-11T20:46:01Z,2017-01-11T20:56:07Z,37
2017-01-11T21:18:12Z,3RRCEFRB7MCYPVVYAIR3WBUL9ON4BR,three,three,three_subordinate,three_superordinate,one,one,one,three,three,three,three,"c1_sub1,c1_bas1,c1_bas2,c1_sub2","c2_sub2,c2_sub1,c2_bas2,c2_bas1","c2_bas1,c2_sub1,c2_bas2,c2_sub2","c3_bas1,c3_sup1,c3_sup3,c3_sup4,c3_bas2,c3_sub1,c3_sup2,c3_sub2","c3_bas1,c3_sub2,c3_bas2,c3_sub1","c1_sub2,c1_sub1","c3_sub2,c3_sub1","c1_sup4,c1_sub2,c1_sup1,c1_sup3,c1_sup2,c1_bas2,c1_bas1,c1_sub1","c2_sub1,c2_sub2","c3_sub2,c3_bas2,c3_sub1,c3_bas1",vehicles,4,three,"c1_sub1,c1_sub2",Yes,none,c1_sub3-c1_sup6-c1_sup5,c3_sub5-c3_sub3-c3_sub4,c3_sub3-c3_bas4-c3_bas3,c2_sub4-c2_sub5-c2_sub3,c2_sub3,c1_sub3,c3_sub3,three_superordinate,vegetables,c2_sub3-c2_bas4-c2_bas3,c1_sub3-c1_bas4-c1_bas3,"c2_sub1,c2_bas2,c2_sup3,c2_bas1,c2_sup2,c2_sub2,c2_sup4,c2_sup1",animals,fep,mep,three,zom,rif,rab,tob,tob,sib,rif,vehicles,vegetables,c1_sub4-c1_sub3-c1_sub5,c2_sup5-c2_sup6-c2_sub3,c3_sup6-c3_sup5-c3_sub3,vehicles,vegetables,animals,vegetables,animals,animals,vehicles,1,sib,English,wug,tev,Male,59,three,one,one,one,three_basic,three_subordinate,three_superordinate,three_subordinate,three_basic,three_basic,2017-01-11T20:20:30Z,3126F2F5F83FY7V7SRGFBXGEP9HPEE,,Approved,2017-01-11T21:08:12Z,2017-01-11T21:19:07Z,38
2017-01-11T21:02:20Z,3S96KQ6I9M4BLD883FJHZ9UDS8GDT3,three,three,three_superordinate,three_superordinate,one,one,one,three,three,three,three,"c3_sub1,c3_sub2","c1_sub1,c1_sub2","c2_sub1,c2_bas1,c2_sub2,c2_bas2","c2_bas1,c2_bas2,c2_sub2,c2_sup2,c2_sub1,c2_sup1,c2_sup3","c3_sub1,c3_sub2,c3_bas2,c3_bas1","c1_bas1,c1_sub2,c1_bas2,c1_sub1","c2_bas1,c2_bas2,c2_sub1,c2_sub2","c3_bas1,c3_sub1,c3_sup3,c3_sub2,c3_sup2,c3_sup1,c3_sup4,c3_bas2","c3_bas1,c3_bas2,c3_sub1,c3_sub2","c1_sub1,c1_bas1,c1_sub2,c1_bas2",vehicles,3,three,"c1_sup4,c1_sup2,c1_bas2,c1_bas1,c1_sup1,c1_sup3,c1_sub2,c1_sub1",Yes,"Thank you, good luck with your research!",c3_sub3-c3_sup5-c3_sup6,c2_sub3-c2_bas3-c2_bas4,c1_bas4-c1_bas3-c1_sub3,c3_bas4-c3_sub3-c3_bas3,c2_sub3,c1_sub3,c3_sub3,three_subordinate,vegetables,c1_sub3-c1_sub5-c1_sub4,c3_sub5-c3_sub3-c3_sub4,"c2_sub2,c2_sub1",vehicles,tev,mep,three,tob,zom,sib,fep,rif,tev,mep,vegetables,animals,c1_sub3-c1_sup6-c1_sup5,c2_sub4-c2_sub5-c2_sub3,c2_sup5-c2_sup6-c2_sub3,vehicles,vegetables,animals,animals,vehicles,vegetables,animals,2,wug,English,rif,rab,Male,32,three,one,one,one,three_basic,three_basic,three_superordinate,three_basic,three_subordinate,three_subordinate,2017-01-11T20:15:43Z,3126F2F5F83FY7V7SRGFBXGEP9HPEE,,Approved,2017-01-11T20:52:20Z,2017-01-11T21:03:07Z,39
2017-01-11T20:32:10Z,3SPJ0334213K5L7UNHSRAOH5CUUYJQ,three,three,three_superordinate,three_subordinate,one,one,one,three,three,three,three,"c1_bas2,c1_bas1,c1_sub2,c1_sub1","c2_sub1,c2_sub2","c2_sub2,c2_sub1","c3_sub1,c3_sub2","c3_sub1,c3_bas1,c3_sub2,c3_bas2","c1_sub1,c1_bas2,c1_bas1,c1_sub2","c2_sub2,c2_bas2,c2_sub1,c2_bas1","c2_bas2,c2_sub1,c2_bas1,c2_sup3,c2_sup1,c2_sup4,c2_sub2,c2_sup2","c1_sub2,c1_sub1","c3_sub2,c3_sup1,c3_sup4,c3_sup3,c3_sub1,c3_sup2,c3_bas1,c3_bas2",animals,3,three,"c1_sub1,c1_sup3,c1_sup1,c1_bas2,c1_sup4,c1_sub2,c1_bas1","NA",Thanks!,c2_sub3-c2_sup5-c2_sup6,c2_sub3-c2_bas3-c2_bas4,c3_sup5-c3_sup6-c3_sub3,c1_sub3-c1_sub5-c1_sub4,c2_sub3,c1_sub3,c3_sub3,three_basic,vegetables,c2_sub3-c2_sub4-c2_sub5,c1_sub3-c1_bas4-c1_bas3,"c3_sub1,c3_bas2,c3_sub2,c3_bas1",animals,zom,tob,three,fep,mep,rif,tev,zom,tev,wug,vehicles,vegetables,c1_sup5-c1_sub3-c1_sup6,c3_bas3-c3_sub3-c3_bas4,c3_sub3-c3_sub4-c3_sub5,vehicles,vegetables,animals,vehicles,vehicles,animals,vegetables,1,rab,English,sib,wug,,,three,one,one,one,three_superordinate,three_subordinate,three_superordinate,three_basic,three_subordinate,three_basic,2017-01-11T20:15:43Z,3126F2F5F83FY7V7SRGFBXGEP9HPEE,,Approved,2017-01-11T20:22:10Z,2017-01-11T20:33:07Z,40
2017-01-11T20:45:43Z,3TUI152ZZBN412046I5RT2IHJ4E1QN,three,three,three_basic,three_superordinate,one,one,one,three,three,three,three,"c1_sub1,c1_sub2","c3_sub2,c3_sub1","c3_sub2,c3_sub1","c2_sub1,c2_sub2","c2_sub2,c2_sub1","c1_sub2,c1_sub1","c3_sub2,c3_sub1","c1_sub2,c1_sub1","c3_sub1,c3_sub2","c1_sub2,c1_sub1,c1_bas1,c1_bas2",vehicles,2,three,"c2_sub1,c2_sub2,c2_bas2,c2_bas1","NA",ty,c1_sub3-c1_sup5-c1_sup6,c3_sub5-c3_sub4-c3_sub3,c1_bas4-c1_sub3-c1_bas3,c3_sup5-c3_sub3-c3_sup6,c3_sub3,c1_sub3,c2_sub3,three_subordinate,vehicles,c3_bas3-c3_sub3-c3_bas4,c1_sub4-c1_sub3-c1_sub5,"c2_sub2,c2_sub1",vehicles,zom,tob,three,tev,sib,wug,rif,sib,tob,mep,animals,vegetables,c2_sub3-c2_bas4-c2_bas3,c2_sub3-c2_sub4-c2_sub5,c2_sup5-c2_sub3-c2_sup6,animals,vegetables,vehicles,vegetables,animals,vegetables,animals,1,fep,english,mep,rab,,,three,one,one,one,three_basic,three_superordinate,three_superordinate,three_subordinate,three_basic,three_subordinate,2017-01-11T20:15:36Z,3126F2F5F83FY7V7SRGFBXGEP9HPEE,,Submitted,2017-01-11T20:35:43Z,NA,41
2017-01-11T22:10:06Z,3TVRFO09GKF1065KL6I27PNOEDFXLV,three,three,three_basic,three_superordinate,one,one,one,three,three,three,three,"c2_sub2,c2_sub1","c1_sub1,c1_sub2","c1_sub2,c1_bas1,c1_bas2,c1_sub1","c2_sub1,c2_sup4,c2_bas1,c2_sub2,c2_bas2,c2_sup3,c2_sup2,c2_sup1","c3_sub2,c3_sub1","c2_sub2,c2_sub1","c3_bas1,c3_bas2,c3_sup3,c3_sub1,c3_sup1,c3_sup2,c3_sub2,c3_sup4","c1_bas2,c1_sub2,c1_bas1,c1_sub1","c3_sub2,c3_sub1","c3_bas2,c3_bas1,c3_sub2,c3_sub1",vegetables,2,three,"c2_sub1,c2_sub2,c2_bas1,c2_bas2,c2_sup1",Yes,,c1_bas4-c1_sub3-c1_bas3,c3_sup5-c3_sub3-c3_sup6,c3_bas3-c3_bas4-c3_sub3,c3_sub5-c3_sub4-c3_sub3,c1_sub3,c2_sub3,c3_sub3,three_superordinate,vehicles,c1_sub3-c1_sub5-c1_sub4,c2_sub4-c2_sub3-c2_sub5,"c1_sup2,c1_sup1,c1_sub1,c1_bas2,c1_sup3,c1_bas1,c1_sub2,c1_sup4",vehicles,tob,wug,three,rif,tev,sib,rab,tob,wug,rab,vegetables,vehicles,c2_bas3-c2_bas4-c2_sub3,c1_sup5-c1_sup6-c1_sub3,c2_sub3-c2_sup6-c2_sup5,vegetables,vehicles,animals,vegetables,animals,animals,animals,1,fep,English,zom,mep,Female,22,three,one,one,one,three_basic,three_subordinate,three_basic,three_superordinate,three_subordinate,three_subordinate,2017-01-11T21:13:51Z,3126F2F5F83FY7V7SRGFBXGEP9HPEE,,Submitted,2017-01-11T22:00:06Z,NA,42
2017-01-11T21:28:28Z,3U0SRXB7CD57RAMTOKSPVZ5PIRUNRR,three,three,three_superordinate,three_basic,one,one,one,three,three,three,three,"c2_sub1,c2_sub2","c3_bas1,c3_sub1,c3_sub2,c3_bas2","c2_sub1,c2_bas2,c2_sub2,c2_bas1","c2_bas1,c2_sub1,c2_sub2,c2_bas2","c3_sub1,c3_bas2,c3_sub2,c3_bas1","c1_sub1,c1_bas2,c1_bas1,c1_sub2","c1_sup4,c1_bas2,c1_sup3,c1_sub2,c1_sup2,c1_sub1,c1_sup1,c1_bas1","c3_sub1,c3_sub2","c1_bas1,c1_sub1,c1_bas2,c1_sub2","c2_bas1,c2_sub1,c2_sup3,c2_sup4,c2_sup1,c2_sub2,c2_bas2",vegetables,2,three,"c3_sub1,c3_sup2,c3_sup1,c3_bas1,c3_sup3,c3_sub2,c3_sup4,c3_bas2",Yes,,c3_sub5-c3_sub3-c3_sub4,c1_sub3-c1_sup5-c1_sup6,c2_sup5-c2_sup6-c2_sub3,c1_bas4-c1_bas3-c1_sub3,c2_sub3,c1_sub3,c3_sub3,three_subordinate,animals,c3_bas4-c3_sub3-c3_bas3,c2_sub3-c2_sub5-c2_sub4,"c1_sub2,c1_sub1",vehicles,sib,wug,three,tob,mep,rab,tev,wug,fep,tob,animals,vehicles,c3_sub3-c3_sup6-c3_sup5,c1_sub4-c1_sub3-c1_sub5,c2_sub3-c2_bas4-c2_bas3,vehicles,vegetables,animals,animals,vegetables,vehicles,vegetables,2,rif,English,fep,zom,Female,43,three,one,one,one,three_superordinate,three_basic,three_subordinate,three_superordinate,three_basic,three_subordinate,2017-01-11T21:13:12Z,3126F2F5F83FY7V7SRGFBXGEP9HPEE,,Approved,2017-01-11T21:18:28Z,2017-01-11T21:29:07Z,43
2017-01-11T20:37:00Z,3UNH76FOCS5A6TDFQE5JQG9MGOPYMU,three,three,three_subordinate,three_superordinate,one,one,one,three,three,three,three,"c2_sub2,c2_sub1","c3_bas1,c3_bas2,c3_sup4,c3_sup2,c3_sub2,c3_sup3,c3_sub1,c3_sup1","c3_sub2,c3_sub1,c3_bas2,c3_bas1","c2_sub2,c2_bas1,c2_sup2,c2_sup3,c2_bas2,c2_sub1,c2_sup4,c2_sup1","c2_sub2,c2_bas2,c2_bas1,c2_sub1","c1_bas2,c1_sub2,c1_sub1,c1_bas1","c3_bas2,c3_sub2,c3_sub1,c3_bas1","c3_sub2,c3_sub1","c1_sub1,c1_sup1,c1_bas1,c1_bas2,c1_sub2,c1_sup2,c1_sup4,c1_sup3","c2_bas1,c2_sub1,c2_sub2,c2_bas2",vegetables,1,three,"c1_sub2,c1_sub1",Yes, I enjoyed helping you with your research.,c3_sub3-c3_sub5-c3_sub4,c3_sub3-c3_bas4-c3_bas3,c2_bas4-c2_bas3-c2_sub3,c1_sub3-c1_sup5-c1_sup6,c3_sub3,c1_sub3,c2_sub3,three_basic,vegetables,c3_sub3-c3_sup5-c3_sup6,c2_sub3-c2_sub5-c2_sub4,"c1_sub1,c1_bas2,c1_sub2,c1_bas1",vehicles,fep,rif,three,tev,mep,tob,rab,tev,sib,rif,animals,vehicles,c1_sub3-c1_sub5-c1_sub4,c1_sub3-c1_bas3-c1_bas4,c2_sub3-c2_sup5-c2_sup6,animals,vegetables,vehicles,animals,animals,vehicles,vegetables,2,sib,english,zom,wug,Female,53,three,one,one,one,three_basic,three_superordinate,three_subordinate,three_basic,three_superordinate,three_subordinate,2017-01-11T20:15:44Z,3126F2F5F83FY7V7SRGFBXGEP9HPEE,,Approved,2017-01-11T20:27:00Z,2017-01-11T20:37:07Z,44
2017-01-11T20:51:20Z,3VA45EW49NN1GQNOR5DN4XNH43W1OF,three,three,three_subordinate,three_superordinate,one,one,one,three,three,three,three,"c3_sub2,c3_sub1","c2_bas2,c2_sub2,c2_sup1,c2_bas1","c1_sub2,c1_bas1,c1_bas2,c1_sub1","c1_sub1,c1_sup1,c1_bas1,c1_sub2,c1_sup3,c1_bas2,c1_sup4","c2_bas2,c2_sub1,c2_bas1,c2_sub2","c3_sub1,c3_sub2","c3_sub2,c3_sub1","c3_sub2,c3_sub1,c3_sup4,c3_sup1,c3_bas2,c3_sup3,c3_bas1","c2_bas2,c2_bas1,c2_sub2,c2_sub1,c2_sup4,c2_sup3","c1_sub2,c1_bas2,c1_sub1,c1_bas1",vegetables,2,three,"c2_sub2,c2_sub1,c2_bas2,c2_bas1","NA",,c3_sup5-c3_sup6-c3_sub3,c3_sub3-c3_bas4-c3_bas3,c1_bas4-c1_bas3-c1_sub3,c2_sup6-c2_sub3-c2_sup5,c1_sub3,c3_sub3,c2_sub3,three_subordinate,vehicles,c2_sub3-c2_bas4-c2_bas3,c3_sub3-c3_sub5-c3_sub4,"c1_sub1,c1_bas1,c1_sub2,c1_bas2",vegetables,fep,zom,three,mep,tev,rab,wug,tob,zom,sib,vehicles,animals,c2_sub4-c2_sub5-c2_sub3,c1_sub5-c1_sub4-c1_sub3,c1_sup6-c1_sub3-c1_sup5,vegetables,animals,vehicles,animals,animals,vegetables,vehicles,2,sib,english,tob,rif,,,three,one,one,one,three_basic,three_superordinate,three_superordinate,three_basic,three_basic,three_subordinate,2017-01-11T20:15:33Z,3126F2F5F83FY7V7SRGFBXGEP9HPEE,,Submitted,2017-01-11T20:41:20Z,NA,45
2017-01-11T21:06:03Z,3W8CV64QJ2Z9DE4WR5XQZU8ZQT69H8,three,three,three_superordinate,three_subordinate,one,one,one,three,three,three,three,"c3_sub1,c3_sub2","c2_sub1,c2_sub2","c3_sub2,c3_sub1","c1_sub2,c1_sub1","c1_sub2,c1_sub1","c2_sub1,c2_sub2","c3_sub1,c3_sub2","c3_sub1,c3_sub2,c3_bas2,c3_bas1","c1_sub2,c1_bas1,c1_sub1,c1_bas2","c2_sub2,c2_sub1,c2_bas2,c2_bas1,c2_sup3,c2_sup2,c2_sup1",vehicles,2,three,"c1_sub1,c1_sup3,c1_bas2,c1_sup1,c1_bas1,c1_sup4,c1_sub2",Yes,hi,c3_sub3-c3_bas4-c3_bas3,c3_sub3-c3_sub4-c3_sub5,c2_sub3-c2_sup6-c2_sup5,c1_bas3-c1_sub3-c1_bas4,c3_sub3,c2_sub3,c1_sub3,three_basic,vegetables,c2_sub3-c2_sub5-c2_sub4,c3_sup5-c3_sub3-c3_sup6,"c2_sub2,c2_sup1,c2_bas1,c2_sub1",vegetables,wug,fep,three,sib,rif,rab,mep,rif,wug,zom,vehicles,animals,c1_sup6-c1_sub3-c1_sup5,c2_sub3-c2_bas3-c2_bas4,c1_sub3-c1_sub4-c1_sub5,animals,vehicles,vegetables,animals,animals,vehicles,vegetables,1,tev,english,tob,zom,Male,28,three,one,one,one,three_superordinate,three_basic,three_basic,three_subordinate,three_subordinate,three_superordinate,2017-01-11T20:15:44Z,3126F2F5F83FY7V7SRGFBXGEP9HPEE,,Submitted,2017-01-11T20:56:03Z,NA,46
2017-01-11T22:25:18Z,3WI0P0II61SY5YVGZQEMZUTV4NUDR1,three,three,three_basic,three_subordinate,one,one,one,three,three,three,three,"c3_sub1,c3_sub2","c2_sup3,c2_sup4,c2_sub2,c2_bas2,c2_sup1,c2_sup2,c2_sub1,c2_bas1","c3_sub2,c3_bas2,c3_bas1","c1_sub2,c1_sub1","c2_bas2,c2_sub1,c2_sub2,c2_bas1","c1_sub1,c1_sub2,c1_bas1,c1_bas2","c1_sub2,c1_sup2,c1_sup4,c1_bas1,c1_sup1,c1_sub1,c1_sup3,c1_bas2","c2_sub1,c2_sub2","c3_sup4,c3_sub2,c3_bas1,c3_sup3,c3_sup2,c3_sub1,c3_bas2,c3_sup1","c1_bas2,c1_sub1,c1_sub2,c1_bas1",animals,3,three,"c2_bas1,c2_sub2,c2_sub1,c2_bas2",Yes,None,c2_sub5-c2_sub4-c2_sub3,c1_sub3-c1_sup6-c1_sup5,c1_bas3-c1_bas4-c1_sub3,c3_sup5-c3_sub3-c3_sup6,c3_sub3,c1_sub3,c2_sub3,three_basic,vehicles,c2_sub3-c2_sup6-c2_sup5,c3_sub5-c3_sub4-c3_sub3,"c3_bas2,c3_bas1,c3_sub2,c3_sub1",vegetables,tob,sib,three,tev,mep,zom,rab,sib,wug,tev,vehicles,animals,c2_bas4-c2_bas3-c2_sub3,c3_sub3-c3_bas3-c3_bas4,c1_sub4-c1_sub3-c1_sub5,animals,vegetables,vehicles,vehicles,vegetables,vegetables,animals,2,rif,English,fep,wug,Male,41,three,one,one,one,three_basic,three_superordinate,three_subordinate,three_superordinate,three_superordinate,three_subordinate,2017-01-11T21:26:49Z,3126F2F5F83FY7V7SRGFBXGEP9HPEE,,Approved,2017-01-11T22:15:18Z,2017-01-11T22:26:07Z,47
2017-01-11T20:31:45Z,3WYP994K17R8HQSN3YY21KC0QOB6YT,three,three,three_subordinate,three_subordinate,one,one,one,three,three,three,three,"c2_sup3,c2_sub2,c2_bas1,c2_bas2,c2_sup4,c2_sup1,c2_sup2,c2_sub1","c1_sup3,c1_sup2,c1_sub1,c1_sub2,c1_bas1,c1_sup1,c1_sup4,c1_bas2","c1_sub2,c1_bas2,c1_sub1,c1_bas1","c2_sub2,c2_sub1","c3_sub2,c3_bas2,c3_sub1,c3_bas1","c2_sub1,c2_sub2,c2_bas2,c2_bas1","c3_bas2,c3_sub2,c3_sub1,c3_bas1","c3_sub2,c3_sub1","c3_sup1,c3_bas2,c3_bas1,c3_sub1,c3_sup4,c3_sub2,c3_sup2,c3_sup3","c1_bas2,c1_sub2,c1_sub1,c1_bas1",vehicles,3,three,"c1_sub2,c1_sub1","NA","It was interesting trying to decipher what was being asked. That is, in the early levels I had to choose (as I had very little information to go on) whether the word was specific or more generic in meaning.",c3_sub5-c3_sub4-c3_sub3,c3_bas3-c3_sub3-c3_bas4,c1_bas3-c1_sub3-c1_bas4,c3_sub3-c3_sup5-c3_sup6,c1_sub3,c2_sub3,c3_sub3,three_basic,vegetables,c1_sub3-c1_sup6-c1_sup5,c2_sup6-c2_sup5-c2_sub3,"c2_bas1,c2_sub2,c2_bas2,c2_sub1",vehicles,sib,tob,three,rif,tev,rab,fep,wug,zom,rif,vegetables,vehicles,c1_sub4-c1_sub5-c1_sub3,c2_bas4-c2_sub3-c2_bas3,c2_sub4-c2_sub3-c2_sub5,vegetables,vehicles,animals,animals,animals,vegetables,animals,2,wug,English,mep,zom,,,three,one,one,one,three_basic,three_superordinate,three_subordinate,three_basic,three_superordinate,three_superordinate,2017-01-11T20:15:42Z,3126F2F5F83FY7V7SRGFBXGEP9HPEE,,Approved,2017-01-11T20:21:45Z,2017-01-11T20:32:07Z,48
2017-01-11T21:03:41Z,3YGXWBAF70HHZ0N4OINY7V03R9N4CY,three,three,three_basic,three_subordinate,one,one,one,three,three,three,three,"c3_sup4,c3_bas2,c3_bas1,c3_sub2,c3_sub1,c3_sup1,c3_sup3,c3_sup2","c2_sub2,c2_sub1,c2_bas2,c2_bas1","c2_sub1,c2_sub2","c3_sub2,c3_bas2,c3_sub1,c3_bas1","c3_sub1,c3_sub2,c3_bas2,c3_bas1","c1_sub2,c1_sub1,c1_bas2,c1_bas1","c1_sup1,c1_sup2,c1_sup3,c1_sub1,c1_bas2,c1_sup4,c1_sub2,c1_bas1","c3_bas1,c3_bas2,c3_sub1,c3_sub2","c1_sub1,c1_bas1,c1_sub2","c2_sub1,c2_bas2,c2_sup1,c2_sub2,c2_sup4,c2_bas1",vehicles,1,three,"c1_sub2,c1_sub1,c1_bas2,c1_bas1","NA","This was so fun, I would love to do more if you have them",c3_sub3-c3_bas3-c3_bas4,c1_sup6-c1_sup5-c1_sub3,c2_bas3-c2_sub3-c2_bas4,c1_sub3-c1_sub4-c1_sub5,c2_sub3,c1_sub3,c3_sub3,three_superordinate,vegetables,c2_sub5-c2_sub3-c2_sub4,c3_sub3-c3_sup5-c3_sup6,"c2_sub1,c2_bas1,c2_sup4,c2_sup3,c2_bas2,c2_sup1,c2_sup2,c2_sub2",animals,wug,rif,three,mep,rab,fep,tob,wug,tob,sib,vehicles,animals,c1_bas4-c1_sub3-c1_bas3,c2_sup6-c2_sup5-c2_sub3,c3_sub5-c3_sub4-c3_sub3,vehicles,vegetables,animals,animals,vegetables,vehicles,vegetables,2,tev,english,zom,sib,,,three,one,one,one,three_basic,three_subordinate,three_basic,three_superordinate,three_subordinate,three_superordinate,2017-01-11T20:15:41Z,3126F2F5F83FY7V7SRGFBXGEP9HPEE,,Submitted,2017-01-11T20:53:41Z,NA,49
2017-01-11T20:35:26Z,3ZPPDN2SLVWXT4DU14PKERBMYDE9ES,three,three,three_superordinate,three_basic,one,one,one,three,three,three,three,"c2_bas1,c2_bas2,c2_sub2,c2_sub1","c1_sub2,c1_sub1,c1_bas2,c1_bas1","c1_sub2,c1_sub1","c3_sub2,c3_sub1,c3_bas2","c3_sub1,c3_sub2","c2_sub1,c2_sub2","c1_sup4,c1_sub1,c1_sub2,c1_bas2,c1_sup1,c1_bas1,c1_sup2,c1_sup3","c3_sub2,c3_sup1,c3_sup4,c3_sub1,c3_sup3,c3_bas2,c3_sup2,c3_bas1","c3_sub1,c3_sub2","c2_sub1,c2_sub2",vegetables,2,three,"c2_sub2,c2_sup4,c2_bas2,c2_sup1,c2_sub1,c2_sup3,c2_bas1",Yes,,c3_sub3-c3_sup6-c3_sup5,c1_sub3-c1_sup6-c1_sup5,c2_sub4-c2_sub3-c2_sub5,c3_sub5-c3_sub4-c3_sub3,c1_sub3,c2_sub3,c3_sub3,three_subordinate,vehicles,c1_bas3-c1_sub3-c1_bas4,c2_sub3-c2_bas4-c2_bas3,"c1_bas2,c1_sub2,c1_bas1,c1_sub1",animals,fep,zom,three,tev,rab,wug,tob,rif,wug,tob,vegetables,vehicles,c2_sup5-c2_sup6-c2_sub3,c1_sub3-c1_sub5-c1_sub4,c3_bas4-c3_sub3-c3_bas3,vegetables,vehicles,animals,animals,vegetables,vehicles,animals,2,mep,english,rif,sib,Male,22,three,one,one,one,three_subordinate,three_subordinate,three_superordinate,three_superordinate,three_basic,three_basic,2017-01-11T20:15:43Z,3126F2F5F83FY7V7SRGFBXGEP9HPEE,,Approved,2017-01-11T20:25:26Z,2017-01-11T20:36:07Z,50
